venue,team1,team2,toss_winner,toss_decision,winner,toss_effect
M Chinnaswamy Stadium,Royal Challengers Bangalore,Kolkata Knight Riders,Royal Challengers Bangalore,field,Kolkata Knight Riders,0
"Punjab Cricket Association Stadium, Mohali",Kings XI Punjab,Chennai Super Kings,Chennai Super Kings,bat,Chennai Super Kings,1
Feroz Shah Kotla,Delhi Daredevils,Rajasthan Royals,Rajasthan Royals,bat,Delhi Daredevils,0
Wankhede Stadium,Mumbai Indians,Royal Challengers Bangalore,Mumbai Indians,bat,Royal Challengers Bangalore,0
Eden Gardens,Kolkata Knight Riders,Deccan Chargers,Deccan Chargers,bat,Kolkata Knight Riders,0
Sawai Mansingh Stadium,Rajasthan Royals,Kings XI Punjab,Kings XI Punjab,bat,Rajasthan Royals,0
"Rajiv Gandhi International Stadium, Uppal",Deccan Chargers,Delhi Daredevils,Deccan Chargers,bat,Delhi Daredevils,0
"MA Chidambaram Stadium, Chepauk",Chennai Super Kings,Mumbai Indians,Mumbai Indians,field,Chennai Super Kings,0
"Rajiv Gandhi International Stadium, Uppal",Deccan Chargers,Rajasthan Royals,Rajasthan Royals,field,Rajasthan Royals,1
"Punjab Cricket Association Stadium, Mohali",Kings XI Punjab,Mumbai Indians,Mumbai Indians,field,Kings XI Punjab,0
M Chinnaswamy Stadium,Royal Challengers Bangalore,Rajasthan Royals,Rajasthan Royals,field,Rajasthan Royals,1
"MA Chidambaram Stadium, Chepauk",Chennai Super Kings,Kolkata Knight Riders,Kolkata Knight Riders,bat,Chennai Super Kings,0
Dr DY Patil Sports Academy,Mumbai Indians,Deccan Chargers,Deccan Chargers,field,Deccan Chargers,1
"Punjab Cricket Association Stadium, Mohali",Kings XI Punjab,Delhi Daredevils,Delhi Daredevils,bat,Kings XI Punjab,0
M Chinnaswamy Stadium,Royal Challengers Bangalore,Chennai Super Kings,Chennai Super Kings,bat,Chennai Super Kings,1
Eden Gardens,Kolkata Knight Riders,Mumbai Indians,Kolkata Knight Riders,bat,Mumbai Indians,0
Feroz Shah Kotla,Delhi Daredevils,Royal Challengers Bangalore,Royal Challengers Bangalore,field,Delhi Daredevils,0
"Rajiv Gandhi International Stadium, Uppal",Deccan Chargers,Kings XI Punjab,Kings XI Punjab,field,Kings XI Punjab,1
Sawai Mansingh Stadium,Rajasthan Royals,Kolkata Knight Riders,Rajasthan Royals,bat,Rajasthan Royals,1
"MA Chidambaram Stadium, Chepauk",Chennai Super Kings,Delhi Daredevils,Chennai Super Kings,bat,Delhi Daredevils,0
"Rajiv Gandhi International Stadium, Uppal",Deccan Chargers,Royal Challengers Bangalore,Deccan Chargers,bat,Royal Challengers Bangalore,0
"Punjab Cricket Association Stadium, Mohali",Kings XI Punjab,Kolkata Knight Riders,Kings XI Punjab,bat,Kings XI Punjab,1
Dr DY Patil Sports Academy,Mumbai Indians,Delhi Daredevils,Delhi Daredevils,field,Mumbai Indians,0
Sawai Mansingh Stadium,Rajasthan Royals,Chennai Super Kings,Chennai Super Kings,bat,Rajasthan Royals,0
M Chinnaswamy Stadium,Royal Challengers Bangalore,Kings XI Punjab,Kings XI Punjab,field,Kings XI Punjab,1
"MA Chidambaram Stadium, Chepauk",Chennai Super Kings,Deccan Chargers,Deccan Chargers,field,Deccan Chargers,1
Dr DY Patil Sports Academy,Mumbai Indians,Rajasthan Royals,Mumbai Indians,field,Mumbai Indians,1
Feroz Shah Kotla,Delhi Daredevils,Chennai Super Kings,Chennai Super Kings,field,Chennai Super Kings,1
Eden Gardens,Kolkata Knight Riders,Royal Challengers Bangalore,Kolkata Knight Riders,bat,Kolkata Knight Riders,1
Sawai Mansingh Stadium,Rajasthan Royals,Deccan Chargers,Rajasthan Royals,field,Rajasthan Royals,1
M Chinnaswamy Stadium,Royal Challengers Bangalore,Mumbai Indians,Mumbai Indians,field,Mumbai Indians,1
"MA Chidambaram Stadium, Chepauk",Chennai Super Kings,Kings XI Punjab,Kings XI Punjab,field,Chennai Super Kings,0
"Rajiv Gandhi International Stadium, Uppal",Deccan Chargers,Kolkata Knight Riders,Kolkata Knight Riders,bat,Kolkata Knight Riders,1
Sawai Mansingh Stadium,Rajasthan Royals,Delhi Daredevils,Rajasthan Royals,field,Rajasthan Royals,1
"Punjab Cricket Association Stadium, Mohali",Kings XI Punjab,Royal Challengers Bangalore,Royal Challengers Bangalore,bat,Kings XI Punjab,0
Eden Gardens,Kolkata Knight Riders,Delhi Daredevils,Kolkata Knight Riders,bat,Kolkata Knight Riders,1
Wankhede Stadium,Mumbai Indians,Chennai Super Kings,Mumbai Indians,field,Mumbai Indians,1
"Punjab Cricket Association Stadium, Mohali",Kings XI Punjab,Rajasthan Royals,Rajasthan Royals,field,Kings XI Punjab,0
Feroz Shah Kotla,Delhi Daredevils,Deccan Chargers,Deccan Chargers,field,Delhi Daredevils,0
Wankhede Stadium,Mumbai Indians,Kolkata Knight Riders,Mumbai Indians,field,Mumbai Indians,1
Feroz Shah Kotla,Delhi Daredevils,Kings XI Punjab,Delhi Daredevils,bat,Kings XI Punjab,0
Sawai Mansingh Stadium,Rajasthan Royals,Royal Challengers Bangalore,Royal Challengers Bangalore,field,Rajasthan Royals,0
"Rajiv Gandhi International Stadium, Uppal",Deccan Chargers,Mumbai Indians,Deccan Chargers,field,Mumbai Indians,0
Eden Gardens,Kolkata Knight Riders,Chennai Super Kings,Kolkata Knight Riders,bat,Chennai Super Kings,0
M Chinnaswamy Stadium,Royal Challengers Bangalore,Delhi Daredevils,Delhi Daredevils,field,Delhi Daredevils,1
Eden Gardens,Kolkata Knight Riders,Rajasthan Royals,Rajasthan Royals,field,Rajasthan Royals,1
Wankhede Stadium,Mumbai Indians,Kings XI Punjab,Mumbai Indians,field,Kings XI Punjab,0
"MA Chidambaram Stadium, Chepauk",Chennai Super Kings,Royal Challengers Bangalore,Royal Challengers Bangalore,bat,Royal Challengers Bangalore,1
"Punjab Cricket Association Stadium, Mohali",Kings XI Punjab,Deccan Chargers,Kings XI Punjab,field,Kings XI Punjab,1
Feroz Shah Kotla,Delhi Daredevils,Mumbai Indians,Delhi Daredevils,field,Delhi Daredevils,1
"MA Chidambaram Stadium, Chepauk",Chennai Super Kings,Rajasthan Royals,Rajasthan Royals,bat,Rajasthan Royals,1
M Chinnaswamy Stadium,Royal Challengers Bangalore,Deccan Chargers,Deccan Chargers,field,Royal Challengers Bangalore,0
Eden Gardens,Kolkata Knight Riders,Kings XI Punjab,Kings XI Punjab,bat,Kolkata Knight Riders,0
Sawai Mansingh Stadium,Rajasthan Royals,Mumbai Indians,Rajasthan Royals,field,Rajasthan Royals,1
"Rajiv Gandhi International Stadium, Uppal",Deccan Chargers,Chennai Super Kings,Deccan Chargers,bat,Chennai Super Kings,0
Wankhede Stadium,Delhi Daredevils,Rajasthan Royals,Delhi Daredevils,field,Rajasthan Royals,0
Wankhede Stadium,Chennai Super Kings,Kings XI Punjab,Kings XI Punjab,bat,Chennai Super Kings,0
Dr DY Patil Sports Academy,Chennai Super Kings,Rajasthan Royals,Rajasthan Royals,field,Rajasthan Royals,1
Newlands,Chennai Super Kings,Mumbai Indians,Chennai Super Kings,field,Mumbai Indians,0
Newlands,Royal Challengers Bangalore,Rajasthan Royals,Royal Challengers Bangalore,bat,Royal Challengers Bangalore,1
Newlands,Delhi Daredevils,Kings XI Punjab,Delhi Daredevils,field,Delhi Daredevils,1
Newlands,Deccan Chargers,Kolkata Knight Riders,Kolkata Knight Riders,bat,Deccan Chargers,0
St George's Park,Royal Challengers Bangalore,Chennai Super Kings,Chennai Super Kings,bat,Chennai Super Kings,1
Kingsmead,Kings XI Punjab,Kolkata Knight Riders,Kolkata Knight Riders,field,Kolkata Knight Riders,1
Newlands,Royal Challengers Bangalore,Deccan Chargers,Deccan Chargers,bat,Deccan Chargers,1
Kingsmead,Chennai Super Kings,Delhi Daredevils,Delhi Daredevils,bat,Delhi Daredevils,1
Newlands,Kolkata Knight Riders,Rajasthan Royals,Kolkata Knight Riders,field,Rajasthan Royals,0
Kingsmead,Royal Challengers Bangalore,Kings XI Punjab,Royal Challengers Bangalore,bat,Kings XI Punjab,0
Kingsmead,Deccan Chargers,Mumbai Indians,Deccan Chargers,bat,Deccan Chargers,1
St George's Park,Royal Challengers Bangalore,Delhi Daredevils,Royal Challengers Bangalore,bat,Delhi Daredevils,0
Newlands,Kings XI Punjab,Rajasthan Royals,Kings XI Punjab,bat,Kings XI Punjab,1
Kingsmead,Chennai Super Kings,Deccan Chargers,Deccan Chargers,field,Deccan Chargers,1
St George's Park,Kolkata Knight Riders,Mumbai Indians,Mumbai Indians,bat,Mumbai Indians,1
SuperSport Park,Delhi Daredevils,Rajasthan Royals,Delhi Daredevils,bat,Rajasthan Royals,0
Kingsmead,Royal Challengers Bangalore,Kolkata Knight Riders,Kolkata Knight Riders,bat,Royal Challengers Bangalore,0
Kingsmead,Kings XI Punjab,Mumbai Indians,Kings XI Punjab,bat,Kings XI Punjab,1
SuperSport Park,Deccan Chargers,Delhi Daredevils,Delhi Daredevils,field,Delhi Daredevils,1
SuperSport Park,Chennai Super Kings,Rajasthan Royals,Rajasthan Royals,field,Chennai Super Kings,0
Buffalo Park,Kolkata Knight Riders,Mumbai Indians,Mumbai Indians,bat,Mumbai Indians,1
Kingsmead,Royal Challengers Bangalore,Kings XI Punjab,Royal Challengers Bangalore,bat,Royal Challengers Bangalore,1
St George's Park,Deccan Chargers,Rajasthan Royals,Deccan Chargers,bat,Rajasthan Royals,0
New Wanderers Stadium,Chennai Super Kings,Delhi Daredevils,Delhi Daredevils,field,Chennai Super Kings,0
St George's Park,Kings XI Punjab,Kolkata Knight Riders,Kolkata Knight Riders,bat,Kings XI Punjab,0
New Wanderers Stadium,Royal Challengers Bangalore,Mumbai Indians,Mumbai Indians,bat,Royal Challengers Bangalore,0
Buffalo Park,Chennai Super Kings,Deccan Chargers,Chennai Super Kings,bat,Chennai Super Kings,1
Kingsmead,Kings XI Punjab,Rajasthan Royals,Kings XI Punjab,field,Rajasthan Royals,0
Kingsmead,Delhi Daredevils,Kolkata Knight Riders,Kolkata Knight Riders,bat,Delhi Daredevils,0
SuperSport Park,Deccan Chargers,Mumbai Indians,Deccan Chargers,bat,Deccan Chargers,1
SuperSport Park,Royal Challengers Bangalore,Rajasthan Royals,Rajasthan Royals,field,Rajasthan Royals,1
SuperSport Park,Chennai Super Kings,Kings XI Punjab,Chennai Super Kings,bat,Chennai Super Kings,1
Buffalo Park,Delhi Daredevils,Mumbai Indians,Mumbai Indians,bat,Delhi Daredevils,0
De Beers Diamond Oval,Deccan Chargers,Kings XI Punjab,Kings XI Punjab,field,Kings XI Punjab,1
De Beers Diamond Oval,Chennai Super Kings,Rajasthan Royals,Rajasthan Royals,bat,Chennai Super Kings,0
St George's Park,Royal Challengers Bangalore,Mumbai Indians,Mumbai Indians,bat,Mumbai Indians,1
New Wanderers Stadium,Delhi Daredevils,Kolkata Knight Riders,Delhi Daredevils,field,Delhi Daredevils,1
De Beers Diamond Oval,Deccan Chargers,Rajasthan Royals,Deccan Chargers,bat,Deccan Chargers,1
SuperSport Park,Royal Challengers Bangalore,Kolkata Knight Riders,Royal Challengers Bangalore,field,Royal Challengers Bangalore,1
SuperSport Park,Kings XI Punjab,Mumbai Indians,Kings XI Punjab,bat,Mumbai Indians,0
Kingsmead,Deccan Chargers,Delhi Daredevils,Deccan Chargers,field,Delhi Daredevils,0
Kingsmead,Royal Challengers Bangalore,Chennai Super Kings,Chennai Super Kings,bat,Royal Challengers Bangalore,0
Kingsmead,Mumbai Indians,Rajasthan Royals,Rajasthan Royals,bat,Rajasthan Royals,1
OUTsurance Oval,Delhi Daredevils,Kings XI Punjab,Kings XI Punjab,field,Kings XI Punjab,1
St George's Park,Chennai Super Kings,Mumbai Indians,Mumbai Indians,bat,Chennai Super Kings,0
New Wanderers Stadium,Deccan Chargers,Kolkata Knight Riders,Deccan Chargers,field,Deccan Chargers,1
New Wanderers Stadium,Deccan Chargers,Kings XI Punjab,Deccan Chargers,field,Kings XI Punjab,0
OUTsurance Oval,Delhi Daredevils,Rajasthan Royals,Delhi Daredevils,bat,Delhi Daredevils,1
SuperSport Park,Chennai Super Kings,Kolkata Knight Riders,Chennai Super Kings,bat,Kolkata Knight Riders,0
New Wanderers Stadium,Royal Challengers Bangalore,Delhi Daredevils,Delhi Daredevils,bat,Royal Challengers Bangalore,0
Kingsmead,Kolkata Knight Riders,Rajasthan Royals,Kolkata Knight Riders,field,Kolkata Knight Riders,1
Kingsmead,Chennai Super Kings,Kings XI Punjab,Chennai Super Kings,bat,Chennai Super Kings,1
SuperSport Park,Delhi Daredevils,Mumbai Indians,Delhi Daredevils,field,Delhi Daredevils,1
SuperSport Park,Royal Challengers Bangalore,Deccan Chargers,Royal Challengers Bangalore,bat,Royal Challengers Bangalore,1
SuperSport Park,Delhi Daredevils,Deccan Chargers,Deccan Chargers,field,Deccan Chargers,1
New Wanderers Stadium,Royal Challengers Bangalore,Chennai Super Kings,Royal Challengers Bangalore,field,Royal Challengers Bangalore,1
New Wanderers Stadium,Royal Challengers Bangalore,Deccan Chargers,Royal Challengers Bangalore,field,Deccan Chargers,0
Dr DY Patil Sports Academy,Deccan Chargers,Kolkata Knight Riders,Deccan Chargers,field,Kolkata Knight Riders,0
Brabourne Stadium,Mumbai Indians,Rajasthan Royals,Mumbai Indians,bat,Mumbai Indians,1
"Punjab Cricket Association Stadium, Mohali",Kings XI Punjab,Delhi Daredevils,Delhi Daredevils,field,Delhi Daredevils,1
Eden Gardens,Kolkata Knight Riders,Royal Challengers Bangalore,Kolkata Knight Riders,field,Kolkata Knight Riders,1
"MA Chidambaram Stadium, Chepauk",Chennai Super Kings,Deccan Chargers,Deccan Chargers,bat,Deccan Chargers,1
"Sardar Patel Stadium, Motera",Rajasthan Royals,Delhi Daredevils,Delhi Daredevils,field,Delhi Daredevils,1
M Chinnaswamy Stadium,Royal Challengers Bangalore,Kings XI Punjab,Kings XI Punjab,bat,Royal Challengers Bangalore,0
Eden Gardens,Kolkata Knight Riders,Chennai Super Kings,Chennai Super Kings,bat,Chennai Super Kings,1
Feroz Shah Kotla,Delhi Daredevils,Mumbai Indians,Delhi Daredevils,field,Mumbai Indians,0
M Chinnaswamy Stadium,Royal Challengers Bangalore,Rajasthan Royals,Royal Challengers Bangalore,field,Royal Challengers Bangalore,1
Feroz Shah Kotla,Delhi Daredevils,Chennai Super Kings,Delhi Daredevils,bat,Chennai Super Kings,0
Barabati Stadium,Deccan Chargers,Kings XI Punjab,Kings XI Punjab,field,Deccan Chargers,0
"Sardar Patel Stadium, Motera",Rajasthan Royals,Kolkata Knight Riders,Rajasthan Royals,bat,Rajasthan Royals,1
Brabourne Stadium,Mumbai Indians,Royal Challengers Bangalore,Mumbai Indians,bat,Royal Challengers Bangalore,0
Barabati Stadium,Deccan Chargers,Delhi Daredevils,Deccan Chargers,bat,Deccan Chargers,1
"MA Chidambaram Stadium, Chepauk",Chennai Super Kings,Kings XI Punjab,Chennai Super Kings,field,Kings XI Punjab,0
Brabourne Stadium,Mumbai Indians,Kolkata Knight Riders,Kolkata Knight Riders,bat,Mumbai Indians,0
M Chinnaswamy Stadium,Royal Challengers Bangalore,Chennai Super Kings,Chennai Super Kings,field,Royal Challengers Bangalore,0
"Punjab Cricket Association Stadium, Mohali",Kings XI Punjab,Rajasthan Royals,Kings XI Punjab,field,Rajasthan Royals,0
Brabourne Stadium,Mumbai Indians,Chennai Super Kings,Mumbai Indians,field,Mumbai Indians,1
"Sardar Patel Stadium, Motera",Rajasthan Royals,Deccan Chargers,Deccan Chargers,bat,Rajasthan Royals,0
"Punjab Cricket Association Stadium, Mohali",Kings XI Punjab,Kolkata Knight Riders,Kolkata Knight Riders,bat,Kolkata Knight Riders,1
M Chinnaswamy Stadium,Royal Challengers Bangalore,Delhi Daredevils,Royal Challengers Bangalore,field,Delhi Daredevils,0
"Sardar Patel Stadium, Motera",Rajasthan Royals,Chennai Super Kings,Rajasthan Royals,bat,Rajasthan Royals,1
Dr DY Patil Sports Academy,Deccan Chargers,Mumbai Indians,Deccan Chargers,field,Mumbai Indians,0
Feroz Shah Kotla,Delhi Daredevils,Kolkata Knight Riders,Delhi Daredevils,bat,Delhi Daredevils,1
Brabourne Stadium,Mumbai Indians,Kings XI Punjab,Mumbai Indians,field,Mumbai Indians,1
"MA Chidambaram Stadium, Chepauk",Chennai Super Kings,Royal Challengers Bangalore,Royal Challengers Bangalore,bat,Chennai Super Kings,0
Feroz Shah Kotla,Delhi Daredevils,Rajasthan Royals,Delhi Daredevils,bat,Delhi Daredevils,1
Eden Gardens,Kolkata Knight Riders,Deccan Chargers,Kolkata Knight Riders,bat,Kolkata Knight Riders,1
"Punjab Cricket Association Stadium, Mohali",Kings XI Punjab,Royal Challengers Bangalore,Kings XI Punjab,bat,Royal Challengers Bangalore,0
"MA Chidambaram Stadium, Chepauk",Chennai Super Kings,Rajasthan Royals,Chennai Super Kings,bat,Chennai Super Kings,1
Brabourne Stadium,Mumbai Indians,Deccan Chargers,Mumbai Indians,bat,Mumbai Indians,1
Eden Gardens,Kolkata Knight Riders,Kings XI Punjab,Kolkata Knight Riders,bat,Kings XI Punjab,0
Feroz Shah Kotla,Delhi Daredevils,Royal Challengers Bangalore,Delhi Daredevils,bat,Delhi Daredevils,1
"Vidarbha Cricket Association Stadium, Jamtha",Deccan Chargers,Rajasthan Royals,Rajasthan Royals,bat,Rajasthan Royals,1
"MA Chidambaram Stadium, Chepauk",Chennai Super Kings,Mumbai Indians,Chennai Super Kings,bat,Chennai Super Kings,1
Sawai Mansingh Stadium,Rajasthan Royals,Kings XI Punjab,Kings XI Punjab,bat,Rajasthan Royals,0
Eden Gardens,Kolkata Knight Riders,Delhi Daredevils,Kolkata Knight Riders,bat,Kolkata Knight Riders,1
M Chinnaswamy Stadium,Royal Challengers Bangalore,Deccan Chargers,Deccan Chargers,field,Deccan Chargers,1
"Punjab Cricket Association Stadium, Mohali",Kings XI Punjab,Mumbai Indians,Mumbai Indians,bat,Kings XI Punjab,0
"Vidarbha Cricket Association Stadium, Jamtha",Deccan Chargers,Chennai Super Kings,Chennai Super Kings,bat,Deccan Chargers,0
M Chinnaswamy Stadium,Royal Challengers Bangalore,Kolkata Knight Riders,Royal Challengers Bangalore,field,Royal Challengers Bangalore,1
Feroz Shah Kotla,Delhi Daredevils,Kings XI Punjab,Delhi Daredevils,bat,Kings XI Punjab,0
Sawai Mansingh Stadium,Rajasthan Royals,Mumbai Indians,Rajasthan Royals,field,Mumbai Indians,0
"Vidarbha Cricket Association Stadium, Jamtha",Deccan Chargers,Royal Challengers Bangalore,Royal Challengers Bangalore,field,Deccan Chargers,0
Brabourne Stadium,Mumbai Indians,Delhi Daredevils,Mumbai Indians,bat,Mumbai Indians,1
"MA Chidambaram Stadium, Chepauk",Chennai Super Kings,Kolkata Knight Riders,Kolkata Knight Riders,bat,Chennai Super Kings,0
Sawai Mansingh Stadium,Rajasthan Royals,Royal Challengers Bangalore,Rajasthan Royals,bat,Royal Challengers Bangalore,0
"MA Chidambaram Stadium, Chepauk",Chennai Super Kings,Delhi Daredevils,Chennai Super Kings,bat,Delhi Daredevils,0
Himachal Pradesh Cricket Association Stadium,Kings XI Punjab,Deccan Chargers,Deccan Chargers,field,Deccan Chargers,1
M Chinnaswamy Stadium,Royal Challengers Bangalore,Mumbai Indians,Royal Challengers Bangalore,field,Mumbai Indians,0
Eden Gardens,Kolkata Knight Riders,Rajasthan Royals,Rajasthan Royals,bat,Kolkata Knight Riders,0
Himachal Pradesh Cricket Association Stadium,Kings XI Punjab,Chennai Super Kings,Chennai Super Kings,field,Chennai Super Kings,1
Feroz Shah Kotla,Delhi Daredevils,Deccan Chargers,Deccan Chargers,bat,Deccan Chargers,1
Eden Gardens,Kolkata Knight Riders,Mumbai Indians,Mumbai Indians,bat,Kolkata Knight Riders,0
Dr DY Patil Sports Academy,Royal Challengers Bangalore,Mumbai Indians,Mumbai Indians,bat,Mumbai Indians,1
Dr DY Patil Sports Academy,Chennai Super Kings,Deccan Chargers,Chennai Super Kings,bat,Chennai Super Kings,1
Dr DY Patil Sports Academy,Royal Challengers Bangalore,Deccan Chargers,Deccan Chargers,bat,Royal Challengers Bangalore,0
Dr DY Patil Sports Academy,Chennai Super Kings,Mumbai Indians,Chennai Super Kings,bat,Chennai Super Kings,1
"MA Chidambaram Stadium, Chepauk",Chennai Super Kings,Kolkata Knight Riders,Chennai Super Kings,bat,Chennai Super Kings,1
"Rajiv Gandhi International Stadium, Uppal",Deccan Chargers,Rajasthan Royals,Rajasthan Royals,field,Rajasthan Royals,1
Nehru Stadium,Kochi Tuskers Kerala,Royal Challengers Bangalore,Kochi Tuskers Kerala,bat,Royal Challengers Bangalore,0
Feroz Shah Kotla,Delhi Daredevils,Mumbai Indians,Delhi Daredevils,bat,Mumbai Indians,0
Dr DY Patil Sports Academy,Pune Warriors,Kings XI Punjab,Kings XI Punjab,bat,Pune Warriors,0
Eden Gardens,Kolkata Knight Riders,Deccan Chargers,Kolkata Knight Riders,bat,Kolkata Knight Riders,1
Sawai Mansingh Stadium,Rajasthan Royals,Delhi Daredevils,Delhi Daredevils,bat,Rajasthan Royals,0
M Chinnaswamy Stadium,Royal Challengers Bangalore,Mumbai Indians,Mumbai Indians,field,Mumbai Indians,1
"Punjab Cricket Association Stadium, Mohali",Kings XI Punjab,Chennai Super Kings,Kings XI Punjab,field,Kings XI Punjab,1
Dr DY Patil Sports Academy,Pune Warriors,Kochi Tuskers Kerala,Kochi Tuskers Kerala,bat,Pune Warriors,0
"Rajiv Gandhi International Stadium, Uppal",Deccan Chargers,Royal Challengers Bangalore,Royal Challengers Bangalore,field,Deccan Chargers,0
Sawai Mansingh Stadium,Rajasthan Royals,Kolkata Knight Riders,Kolkata Knight Riders,field,Kolkata Knight Riders,1
Wankhede Stadium,Mumbai Indians,Kochi Tuskers Kerala,Kochi Tuskers Kerala,field,Kochi Tuskers Kerala,1
"MA Chidambaram Stadium, Chepauk",Chennai Super Kings,Royal Challengers Bangalore,Chennai Super Kings,bat,Chennai Super Kings,1
"Rajiv Gandhi International Stadium, Uppal",Deccan Chargers,Kings XI Punjab,Kings XI Punjab,field,Kings XI Punjab,1
Dr DY Patil Sports Academy,Pune Warriors,Delhi Daredevils,Delhi Daredevils,field,Delhi Daredevils,1
Eden Gardens,Kolkata Knight Riders,Rajasthan Royals,Kolkata Knight Riders,field,Kolkata Knight Riders,1
Nehru Stadium,Kochi Tuskers Kerala,Chennai Super Kings,Kochi Tuskers Kerala,field,Kochi Tuskers Kerala,1
Feroz Shah Kotla,Delhi Daredevils,Deccan Chargers,Deccan Chargers,bat,Deccan Chargers,1
Wankhede Stadium,Mumbai Indians,Pune Warriors,Pune Warriors,bat,Mumbai Indians,0
Eden Gardens,Kolkata Knight Riders,Kochi Tuskers Kerala,Kolkata Knight Riders,field,Kochi Tuskers Kerala,0
"Punjab Cricket Association Stadium, Mohali",Kings XI Punjab,Rajasthan Royals,Rajasthan Royals,field,Kings XI Punjab,0
Wankhede Stadium,Mumbai Indians,Chennai Super Kings,Chennai Super Kings,field,Mumbai Indians,0
Eden Gardens,Kolkata Knight Riders,Royal Challengers Bangalore,Royal Challengers Bangalore,field,Royal Challengers Bangalore,1
Feroz Shah Kotla,Delhi Daredevils,Kings XI Punjab,Kings XI Punjab,field,Delhi Daredevils,0
"Rajiv Gandhi International Stadium, Uppal",Deccan Chargers,Mumbai Indians,Deccan Chargers,field,Mumbai Indians,0
Sawai Mansingh Stadium,Rajasthan Royals,Kochi Tuskers Kerala,Rajasthan Royals,field,Rajasthan Royals,1
"MA Chidambaram Stadium, Chepauk",Chennai Super Kings,Pune Warriors,Pune Warriors,field,Chennai Super Kings,0
Feroz Shah Kotla,Delhi Daredevils,Royal Challengers Bangalore,Royal Challengers Bangalore,field,Royal Challengers Bangalore,1
Dr DY Patil Sports Academy,Pune Warriors,Chennai Super Kings,Pune Warriors,bat,Chennai Super Kings,0
Nehru Stadium,Kochi Tuskers Kerala,Deccan Chargers,Kochi Tuskers Kerala,field,Deccan Chargers,0
Feroz Shah Kotla,Delhi Daredevils,Kolkata Knight Riders,Delhi Daredevils,field,Kolkata Knight Riders,0
Sawai Mansingh Stadium,Rajasthan Royals,Mumbai Indians,Rajasthan Royals,field,Rajasthan Royals,1
M Chinnaswamy Stadium,Royal Challengers Bangalore,Pune Warriors,Pune Warriors,field,Royal Challengers Bangalore,0
Nehru Stadium,Kochi Tuskers Kerala,Delhi Daredevils,Delhi Daredevils,bat,Delhi Daredevils,1
Eden Gardens,Kolkata Knight Riders,Kings XI Punjab,Kolkata Knight Riders,field,Kolkata Knight Riders,1
Sawai Mansingh Stadium,Rajasthan Royals,Pune Warriors,Rajasthan Royals,field,Rajasthan Royals,1
"MA Chidambaram Stadium, Chepauk",Chennai Super Kings,Deccan Chargers,Chennai Super Kings,bat,Chennai Super Kings,1
Wankhede Stadium,Mumbai Indians,Kings XI Punjab,Kings XI Punjab,field,Mumbai Indians,0
Feroz Shah Kotla,Delhi Daredevils,Kochi Tuskers Kerala,Kochi Tuskers Kerala,field,Kochi Tuskers Kerala,1
"Rajiv Gandhi International Stadium, Uppal",Deccan Chargers,Kolkata Knight Riders,Deccan Chargers,field,Kolkata Knight Riders,0
"MA Chidambaram Stadium, Chepauk",Chennai Super Kings,Rajasthan Royals,Rajasthan Royals,bat,Chennai Super Kings,0
Dr DY Patil Sports Academy,Pune Warriors,Mumbai Indians,Pune Warriors,field,Mumbai Indians,0
Nehru Stadium,Kochi Tuskers Kerala,Kolkata Knight Riders,Kolkata Knight Riders,field,Kochi Tuskers Kerala,0
"Rajiv Gandhi International Stadium, Uppal",Deccan Chargers,Delhi Daredevils,Delhi Daredevils,field,Delhi Daredevils,1
M Chinnaswamy Stadium,Royal Challengers Bangalore,Kings XI Punjab,Kings XI Punjab,field,Royal Challengers Bangalore,0
Eden Gardens,Kolkata Knight Riders,Chennai Super Kings,Chennai Super Kings,bat,Kolkata Knight Riders,0
Wankhede Stadium,Mumbai Indians,Delhi Daredevils,Delhi Daredevils,field,Mumbai Indians,0
M Chinnaswamy Stadium,Royal Challengers Bangalore,Kochi Tuskers Kerala,Kochi Tuskers Kerala,bat,Royal Challengers Bangalore,0
"Punjab Cricket Association Stadium, Mohali",Kings XI Punjab,Pune Warriors,Kings XI Punjab,bat,Pune Warriors,0
Sawai Mansingh Stadium,Rajasthan Royals,Chennai Super Kings,Rajasthan Royals,field,Chennai Super Kings,0
"Rajiv Gandhi International Stadium, Uppal",Deccan Chargers,Pune Warriors,Deccan Chargers,bat,Pune Warriors,0
"Punjab Cricket Association Stadium, Mohali",Kings XI Punjab,Mumbai Indians,Mumbai Indians,field,Kings XI Punjab,0
Sawai Mansingh Stadium,Rajasthan Royals,Royal Challengers Bangalore,Royal Challengers Bangalore,field,Royal Challengers Bangalore,1
"MA Chidambaram Stadium, Chepauk",Chennai Super Kings,Delhi Daredevils,Chennai Super Kings,bat,Chennai Super Kings,1
Holkar Cricket Stadium,Kochi Tuskers Kerala,Kings XI Punjab,Kings XI Punjab,field,Kings XI Punjab,1
M Chinnaswamy Stadium,Royal Challengers Bangalore,Kolkata Knight Riders,Royal Challengers Bangalore,field,Royal Challengers Bangalore,1
Wankhede Stadium,Mumbai Indians,Deccan Chargers,Deccan Chargers,bat,Deccan Chargers,1
Himachal Pradesh Cricket Association Stadium,Kings XI Punjab,Delhi Daredevils,Delhi Daredevils,field,Kings XI Punjab,0
Holkar Cricket Stadium,Kochi Tuskers Kerala,Rajasthan Royals,Kochi Tuskers Kerala,field,Kochi Tuskers Kerala,1
Dr DY Patil Sports Academy,Pune Warriors,Deccan Chargers,Deccan Chargers,field,Deccan Chargers,1
Himachal Pradesh Cricket Association Stadium,Kings XI Punjab,Royal Challengers Bangalore,Kings XI Punjab,bat,Kings XI Punjab,1
"MA Chidambaram Stadium, Chepauk",Chennai Super Kings,Kochi Tuskers Kerala,Chennai Super Kings,bat,Chennai Super Kings,1
Dr DY Patil Sports Academy,Pune Warriors,Kolkata Knight Riders,Kolkata Knight Riders,field,Kolkata Knight Riders,1
Wankhede Stadium,Mumbai Indians,Rajasthan Royals,Mumbai Indians,bat,Rajasthan Royals,0
Himachal Pradesh Cricket Association Stadium,Kings XI Punjab,Deccan Chargers,Kings XI Punjab,field,Deccan Chargers,0
Feroz Shah Kotla,Delhi Daredevils,Pune Warriors,Delhi Daredevils,bat,No_winner,0
M Chinnaswamy Stadium,Royal Challengers Bangalore,Chennai Super Kings,Royal Challengers Bangalore,field,Royal Challengers Bangalore,1
Eden Gardens,Kolkata Knight Riders,Mumbai Indians,Mumbai Indians,field,Mumbai Indians,1
Wankhede Stadium,Royal Challengers Bangalore,Chennai Super Kings,Chennai Super Kings,field,Chennai Super Kings,1
Wankhede Stadium,Mumbai Indians,Kolkata Knight Riders,Mumbai Indians,field,Mumbai Indians,1
"MA Chidambaram Stadium, Chepauk",Royal Challengers Bangalore,Mumbai Indians,Mumbai Indians,field,Royal Challengers Bangalore,0
"MA Chidambaram Stadium, Chepauk",Chennai Super Kings,Royal Challengers Bangalore,Chennai Super Kings,bat,Chennai Super Kings,1
"MA Chidambaram Stadium, Chepauk",Chennai Super Kings,Mumbai Indians,Mumbai Indians,field,Mumbai Indians,1
Eden Gardens,Kolkata Knight Riders,Delhi Daredevils,Delhi Daredevils,field,Delhi Daredevils,1
Wankhede Stadium,Mumbai Indians,Pune Warriors,Mumbai Indians,field,Pune Warriors,0
Sawai Mansingh Stadium,Rajasthan Royals,Kings XI Punjab,Kings XI Punjab,field,Rajasthan Royals,0
M Chinnaswamy Stadium,Royal Challengers Bangalore,Delhi Daredevils,Delhi Daredevils,field,Royal Challengers Bangalore,0
Dr. Y.S. Rajasekhara Reddy ACA-VDCA Cricket Stadium,Deccan Chargers,Chennai Super Kings,Deccan Chargers,field,Chennai Super Kings,0
Sawai Mansingh Stadium,Rajasthan Royals,Kolkata Knight Riders,Kolkata Knight Riders,field,Rajasthan Royals,0
Subrata Roy Sahara Stadium,Pune Warriors,Kings XI Punjab,Pune Warriors,bat,Pune Warriors,1
Dr. Y.S. Rajasekhara Reddy ACA-VDCA Cricket Stadium,Deccan Chargers,Mumbai Indians,Deccan Chargers,bat,Mumbai Indians,0
M Chinnaswamy Stadium,Royal Challengers Bangalore,Kolkata Knight Riders,Royal Challengers Bangalore,field,Kolkata Knight Riders,0
Feroz Shah Kotla,Delhi Daredevils,Chennai Super Kings,Delhi Daredevils,field,Delhi Daredevils,1
Wankhede Stadium,Mumbai Indians,Rajasthan Royals,Rajasthan Royals,field,Mumbai Indians,0
"MA Chidambaram Stadium, Chepauk",Chennai Super Kings,Royal Challengers Bangalore,Royal Challengers Bangalore,bat,Chennai Super Kings,0
"Punjab Cricket Association Stadium, Mohali",Kings XI Punjab,Pune Warriors,Kings XI Punjab,field,Kings XI Punjab,1
Eden Gardens,Kolkata Knight Riders,Rajasthan Royals,Rajasthan Royals,bat,Kolkata Knight Riders,0
Feroz Shah Kotla,Delhi Daredevils,Deccan Chargers,Deccan Chargers,bat,Delhi Daredevils,0
Subrata Roy Sahara Stadium,Pune Warriors,Chennai Super Kings,Chennai Super Kings,bat,Pune Warriors,0
Eden Gardens,Kolkata Knight Riders,Kings XI Punjab,Kolkata Knight Riders,field,Kings XI Punjab,0
M Chinnaswamy Stadium,Royal Challengers Bangalore,Rajasthan Royals,Rajasthan Royals,bat,Rajasthan Royals,1
Wankhede Stadium,Mumbai Indians,Delhi Daredevils,Delhi Daredevils,field,Delhi Daredevils,1
Sawai Mansingh Stadium,Rajasthan Royals,Deccan Chargers,Deccan Chargers,bat,Rajasthan Royals,0
M Chinnaswamy Stadium,Royal Challengers Bangalore,Pune Warriors,Pune Warriors,bat,Royal Challengers Bangalore,0
"Punjab Cricket Association Stadium, Mohali",Kings XI Punjab,Kolkata Knight Riders,Kings XI Punjab,bat,Kolkata Knight Riders,0
"Rajiv Gandhi International Stadium, Uppal",Deccan Chargers,Delhi Daredevils,Deccan Chargers,bat,Delhi Daredevils,0
"MA Chidambaram Stadium, Chepauk",Chennai Super Kings,Pune Warriors,Pune Warriors,field,Chennai Super Kings,0
"Punjab Cricket Association Stadium, Mohali",Kings XI Punjab,Royal Challengers Bangalore,Royal Challengers Bangalore,field,Royal Challengers Bangalore,1
"MA Chidambaram Stadium, Chepauk",Chennai Super Kings,Rajasthan Royals,Rajasthan Royals,bat,Chennai Super Kings,0
Feroz Shah Kotla,Delhi Daredevils,Pune Warriors,Delhi Daredevils,field,Pune Warriors,0
Wankhede Stadium,Mumbai Indians,Kings XI Punjab,Mumbai Indians,bat,Kings XI Punjab,0
Barabati Stadium,Deccan Chargers,Kolkata Knight Riders,Kolkata Knight Riders,field,Kolkata Knight Riders,1
Sawai Mansingh Stadium,Rajasthan Royals,Royal Challengers Bangalore,Rajasthan Royals,field,Royal Challengers Bangalore,0
Subrata Roy Sahara Stadium,Pune Warriors,Delhi Daredevils,Pune Warriors,bat,Delhi Daredevils,0
"Punjab Cricket Association Stadium, Mohali",Kings XI Punjab,Mumbai Indians,Kings XI Punjab,bat,Mumbai Indians,0
Subrata Roy Sahara Stadium,Pune Warriors,Deccan Chargers,Deccan Chargers,bat,Deccan Chargers,1
Feroz Shah Kotla,Delhi Daredevils,Mumbai Indians,Mumbai Indians,field,Delhi Daredevils,0
"MA Chidambaram Stadium, Chepauk",Chennai Super Kings,Kings XI Punjab,Kings XI Punjab,bat,Kings XI Punjab,1
Eden Gardens,Kolkata Knight Riders,Royal Challengers Bangalore,Kolkata Knight Riders,bat,Kolkata Knight Riders,1
Feroz Shah Kotla,Delhi Daredevils,Rajasthan Royals,Delhi Daredevils,bat,Delhi Daredevils,1
Wankhede Stadium,Mumbai Indians,Deccan Chargers,Mumbai Indians,field,Mumbai Indians,1
"MA Chidambaram Stadium, Chepauk",Chennai Super Kings,Kolkata Knight Riders,Chennai Super Kings,bat,Kolkata Knight Riders,0
Barabati Stadium,Deccan Chargers,Pune Warriors,Deccan Chargers,bat,Deccan Chargers,1
Sawai Mansingh Stadium,Rajasthan Royals,Delhi Daredevils,Rajasthan Royals,bat,Delhi Daredevils,0
M Chinnaswamy Stadium,Royal Challengers Bangalore,Kings XI Punjab,Kings XI Punjab,field,Kings XI Punjab,1
Subrata Roy Sahara Stadium,Pune Warriors,Mumbai Indians,Mumbai Indians,bat,Mumbai Indians,1
"MA Chidambaram Stadium, Chepauk",Chennai Super Kings,Deccan Chargers,Chennai Super Kings,bat,Chennai Super Kings,1
Eden Gardens,Kolkata Knight Riders,Pune Warriors,Kolkata Knight Riders,bat,Kolkata Knight Riders,1
"Punjab Cricket Association Stadium, Mohali",Kings XI Punjab,Rajasthan Royals,Rajasthan Royals,bat,Rajasthan Royals,1
Wankhede Stadium,Mumbai Indians,Chennai Super Kings,Mumbai Indians,field,Mumbai Indians,1
M Chinnaswamy Stadium,Royal Challengers Bangalore,Deccan Chargers,Royal Challengers Bangalore,field,Royal Challengers Bangalore,1
Feroz Shah Kotla,Delhi Daredevils,Kolkata Knight Riders,Delhi Daredevils,bat,Kolkata Knight Riders,0
Subrata Roy Sahara Stadium,Pune Warriors,Rajasthan Royals,Pune Warriors,bat,Rajasthan Royals,0
"Rajiv Gandhi International Stadium, Uppal",Deccan Chargers,Kings XI Punjab,Deccan Chargers,field,Kings XI Punjab,0
Wankhede Stadium,Mumbai Indians,Royal Challengers Bangalore,Royal Challengers Bangalore,field,Royal Challengers Bangalore,1
Sawai Mansingh Stadium,Rajasthan Royals,Chennai Super Kings,Chennai Super Kings,field,Chennai Super Kings,1
Subrata Roy Sahara Stadium,Pune Warriors,Royal Challengers Bangalore,Pune Warriors,field,Royal Challengers Bangalore,0
Eden Gardens,Kolkata Knight Riders,Mumbai Indians,Mumbai Indians,bat,Mumbai Indians,1
"MA Chidambaram Stadium, Chepauk",Chennai Super Kings,Delhi Daredevils,Chennai Super Kings,field,Chennai Super Kings,1
Sawai Mansingh Stadium,Rajasthan Royals,Pune Warriors,Rajasthan Royals,bat,Rajasthan Royals,1
"Punjab Cricket Association Stadium, Mohali",Kings XI Punjab,Deccan Chargers,Deccan Chargers,bat,Kings XI Punjab,0
M Chinnaswamy Stadium,Royal Challengers Bangalore,Mumbai Indians,Mumbai Indians,field,Mumbai Indians,1
Eden Gardens,Kolkata Knight Riders,Chennai Super Kings,Chennai Super Kings,field,Chennai Super Kings,1
Feroz Shah Kotla,Delhi Daredevils,Kings XI Punjab,Kings XI Punjab,bat,Delhi Daredevils,0
Wankhede Stadium,Mumbai Indians,Kolkata Knight Riders,Mumbai Indians,field,Kolkata Knight Riders,0
Himachal Pradesh Cricket Association Stadium,Kings XI Punjab,Chennai Super Kings,Kings XI Punjab,field,Kings XI Punjab,1
Feroz Shah Kotla,Delhi Daredevils,Royal Challengers Bangalore,Delhi Daredevils,field,Royal Challengers Bangalore,0
"Rajiv Gandhi International Stadium, Uppal",Deccan Chargers,Rajasthan Royals,Rajasthan Royals,bat,Deccan Chargers,0
Himachal Pradesh Cricket Association Stadium,Kings XI Punjab,Delhi Daredevils,Delhi Daredevils,field,Delhi Daredevils,1
Subrata Roy Sahara Stadium,Pune Warriors,Kolkata Knight Riders,Kolkata Knight Riders,bat,Kolkata Knight Riders,1
"Rajiv Gandhi International Stadium, Uppal",Deccan Chargers,Royal Challengers Bangalore,Royal Challengers Bangalore,field,Deccan Chargers,0
Sawai Mansingh Stadium,Rajasthan Royals,Mumbai Indians,Rajasthan Royals,bat,Mumbai Indians,0
Subrata Roy Sahara Stadium,Delhi Daredevils,Kolkata Knight Riders,Kolkata Knight Riders,bat,Kolkata Knight Riders,1
M Chinnaswamy Stadium,Chennai Super Kings,Mumbai Indians,Mumbai Indians,field,Chennai Super Kings,0
"MA Chidambaram Stadium, Chepauk",Delhi Daredevils,Chennai Super Kings,Delhi Daredevils,field,Chennai Super Kings,0
"MA Chidambaram Stadium, Chepauk",Kolkata Knight Riders,Chennai Super Kings,Chennai Super Kings,bat,Kolkata Knight Riders,0
Eden Gardens,Kolkata Knight Riders,Delhi Daredevils,Kolkata Knight Riders,field,Kolkata Knight Riders,1
M Chinnaswamy Stadium,Royal Challengers Bangalore,Mumbai Indians,Mumbai Indians,field,Royal Challengers Bangalore,0
"Rajiv Gandhi International Stadium, Uppal",Sunrisers Hyderabad,Pune Warriors,Pune Warriors,field,Sunrisers Hyderabad,0
Feroz Shah Kotla,Delhi Daredevils,Rajasthan Royals,Rajasthan Royals,bat,Rajasthan Royals,1
"MA Chidambaram Stadium, Chepauk",Chennai Super Kings,Mumbai Indians,Mumbai Indians,bat,Mumbai Indians,1
Subrata Roy Sahara Stadium,Pune Warriors,Kings XI Punjab,Pune Warriors,bat,Kings XI Punjab,0
"Rajiv Gandhi International Stadium, Uppal",Sunrisers Hyderabad,Royal Challengers Bangalore,Royal Challengers Bangalore,bat,Sunrisers Hyderabad,0
Sawai Mansingh Stadium,Rajasthan Royals,Kolkata Knight Riders,Kolkata Knight Riders,field,Rajasthan Royals,0
Wankhede Stadium,Mumbai Indians,Delhi Daredevils,Mumbai Indians,bat,Mumbai Indians,1
"Punjab Cricket Association Stadium, Mohali",Kings XI Punjab,Chennai Super Kings,Chennai Super Kings,field,Chennai Super Kings,1
M Chinnaswamy Stadium,Royal Challengers Bangalore,Kolkata Knight Riders,Royal Challengers Bangalore,field,Royal Challengers Bangalore,1
Subrata Roy Sahara Stadium,Pune Warriors,Rajasthan Royals,Rajasthan Royals,bat,Pune Warriors,0
Feroz Shah Kotla,Delhi Daredevils,Sunrisers Hyderabad,Delhi Daredevils,bat,Sunrisers Hyderabad,0
Wankhede Stadium,Mumbai Indians,Pune Warriors,Mumbai Indians,bat,Mumbai Indians,1
"MA Chidambaram Stadium, Chepauk",Chennai Super Kings,Royal Challengers Bangalore,Chennai Super Kings,field,Chennai Super Kings,1
Eden Gardens,Kolkata Knight Riders,Sunrisers Hyderabad,Kolkata Knight Riders,bat,Kolkata Knight Riders,1
Sawai Mansingh Stadium,Rajasthan Royals,Kings XI Punjab,Rajasthan Royals,field,Rajasthan Royals,1
"MA Chidambaram Stadium, Chepauk",Chennai Super Kings,Pune Warriors,Pune Warriors,bat,Pune Warriors,1
"Punjab Cricket Association Stadium, Mohali",Kings XI Punjab,Kolkata Knight Riders,Kolkata Knight Riders,field,Kings XI Punjab,0
M Chinnaswamy Stadium,Royal Challengers Bangalore,Delhi Daredevils,Royal Challengers Bangalore,field,Royal Challengers Bangalore,1
Subrata Roy Sahara Stadium,Pune Warriors,Sunrisers Hyderabad,Pune Warriors,field,Sunrisers Hyderabad,0
Sawai Mansingh Stadium,Rajasthan Royals,Mumbai Indians,Rajasthan Royals,bat,Rajasthan Royals,1
Feroz Shah Kotla,Delhi Daredevils,Chennai Super Kings,Chennai Super Kings,bat,Chennai Super Kings,1
"Rajiv Gandhi International Stadium, Uppal",Sunrisers Hyderabad,Kings XI Punjab,Kings XI Punjab,bat,Sunrisers Hyderabad,0
Eden Gardens,Kolkata Knight Riders,Chennai Super Kings,Kolkata Knight Riders,bat,Chennai Super Kings,0
M Chinnaswamy Stadium,Royal Challengers Bangalore,Rajasthan Royals,Royal Challengers Bangalore,field,Royal Challengers Bangalore,1
Feroz Shah Kotla,Delhi Daredevils,Mumbai Indians,Mumbai Indians,bat,Delhi Daredevils,0
"Punjab Cricket Association Stadium, Mohali",Kings XI Punjab,Pune Warriors,Kings XI Punjab,field,Kings XI Punjab,1
"MA Chidambaram Stadium, Chepauk",Chennai Super Kings,Rajasthan Royals,Rajasthan Royals,bat,Chennai Super Kings,0
M Chinnaswamy Stadium,Royal Challengers Bangalore,Pune Warriors,Pune Warriors,field,Royal Challengers Bangalore,0
Himachal Pradesh Cricket Association Stadium,Kings XI Punjab,Delhi Daredevils,Delhi Daredevils,field,Kings XI Punjab,0
Eden Gardens,Kolkata Knight Riders,Mumbai Indians,Kolkata Knight Riders,bat,Mumbai Indians,0
"MA Chidambaram Stadium, Chepauk",Chennai Super Kings,Sunrisers Hyderabad,Sunrisers Hyderabad,bat,Chennai Super Kings,0
Eden Gardens,Kolkata Knight Riders,Kings XI Punjab,Kings XI Punjab,bat,Kolkata Knight Riders,0
Sawai Mansingh Stadium,Rajasthan Royals,Sunrisers Hyderabad,Sunrisers Hyderabad,bat,Rajasthan Royals,0
Wankhede Stadium,Mumbai Indians,Royal Challengers Bangalore,Mumbai Indians,bat,Mumbai Indians,1
"MA Chidambaram Stadium, Chepauk",Chennai Super Kings,Kolkata Knight Riders,Kolkata Knight Riders,field,Chennai Super Kings,0
Shaheed Veer Narayan Singh International Stadium,Delhi Daredevils,Pune Warriors,Pune Warriors,field,Delhi Daredevils,0
Sawai Mansingh Stadium,Rajasthan Royals,Royal Challengers Bangalore,Rajasthan Royals,field,Rajasthan Royals,1
Wankhede Stadium,Mumbai Indians,Kings XI Punjab,Mumbai Indians,bat,Mumbai Indians,1
Subrata Roy Sahara Stadium,Pune Warriors,Chennai Super Kings,Chennai Super Kings,bat,Chennai Super Kings,1
"Rajiv Gandhi International Stadium, Uppal",Sunrisers Hyderabad,Mumbai Indians,Mumbai Indians,bat,Sunrisers Hyderabad,0
Shaheed Veer Narayan Singh International Stadium,Delhi Daredevils,Kolkata Knight Riders,Kolkata Knight Riders,bat,Delhi Daredevils,0
"MA Chidambaram Stadium, Chepauk",Chennai Super Kings,Kings XI Punjab,Chennai Super Kings,bat,Chennai Super Kings,1
Subrata Roy Sahara Stadium,Pune Warriors,Royal Challengers Bangalore,Royal Challengers Bangalore,bat,Royal Challengers Bangalore,1
Eden Gardens,Kolkata Knight Riders,Rajasthan Royals,Rajasthan Royals,bat,Kolkata Knight Riders,0
"Rajiv Gandhi International Stadium, Uppal",Sunrisers Hyderabad,Delhi Daredevils,Delhi Daredevils,bat,Sunrisers Hyderabad,0
M Chinnaswamy Stadium,Royal Challengers Bangalore,Kings XI Punjab,Kings XI Punjab,field,Kings XI Punjab,1
Wankhede Stadium,Mumbai Indians,Chennai Super Kings,Mumbai Indians,bat,Mumbai Indians,1
Sawai Mansingh Stadium,Rajasthan Royals,Pune Warriors,Pune Warriors,bat,Rajasthan Royals,0
M Chinnaswamy Stadium,Royal Challengers Bangalore,Sunrisers Hyderabad,Sunrisers Hyderabad,bat,Royal Challengers Bangalore,0
Sawai Mansingh Stadium,Rajasthan Royals,Delhi Daredevils,Delhi Daredevils,bat,Rajasthan Royals,0
Wankhede Stadium,Mumbai Indians,Kolkata Knight Riders,Mumbai Indians,bat,Mumbai Indians,1
"Rajiv Gandhi International Stadium, Uppal",Sunrisers Hyderabad,Chennai Super Kings,Sunrisers Hyderabad,field,Chennai Super Kings,0
"Punjab Cricket Association Stadium, Mohali",Kings XI Punjab,Rajasthan Royals,Rajasthan Royals,field,Rajasthan Royals,1
Subrata Roy Sahara Stadium,Pune Warriors,Kolkata Knight Riders,Kolkata Knight Riders,bat,Kolkata Knight Riders,1
Feroz Shah Kotla,Delhi Daredevils,Royal Challengers Bangalore,Delhi Daredevils,field,Royal Challengers Bangalore,0
Subrata Roy Sahara Stadium,Pune Warriors,Mumbai Indians,Pune Warriors,bat,Mumbai Indians,0
"Punjab Cricket Association Stadium, Mohali",Kings XI Punjab,Sunrisers Hyderabad,Kings XI Punjab,field,Sunrisers Hyderabad,0
JSCA International Stadium Complex,Kolkata Knight Riders,Royal Challengers Bangalore,Kolkata Knight Riders,field,Kolkata Knight Riders,1
Sawai Mansingh Stadium,Rajasthan Royals,Chennai Super Kings,Rajasthan Royals,field,Rajasthan Royals,1
Feroz Shah Kotla,Delhi Daredevils,Kings XI Punjab,Kings XI Punjab,field,Kings XI Punjab,1
Wankhede Stadium,Mumbai Indians,Sunrisers Hyderabad,Sunrisers Hyderabad,bat,Mumbai Indians,0
JSCA International Stadium Complex,Kolkata Knight Riders,Pune Warriors,Kolkata Knight Riders,field,Pune Warriors,0
"MA Chidambaram Stadium, Chepauk",Chennai Super Kings,Delhi Daredevils,Chennai Super Kings,bat,Chennai Super Kings,1
Wankhede Stadium,Mumbai Indians,Rajasthan Royals,Rajasthan Royals,field,Mumbai Indians,0
"Punjab Cricket Association Stadium, Mohali",Kings XI Punjab,Royal Challengers Bangalore,Kings XI Punjab,field,Kings XI Punjab,1
"Rajiv Gandhi International Stadium, Uppal",Sunrisers Hyderabad,Rajasthan Royals,Sunrisers Hyderabad,bat,Sunrisers Hyderabad,1
Himachal Pradesh Cricket Association Stadium,Kings XI Punjab,Mumbai Indians,Mumbai Indians,field,Kings XI Punjab,0
Subrata Roy Sahara Stadium,Pune Warriors,Delhi Daredevils,Pune Warriors,bat,Pune Warriors,1
M Chinnaswamy Stadium,Royal Challengers Bangalore,Chennai Super Kings,Chennai Super Kings,field,Royal Challengers Bangalore,0
"Rajiv Gandhi International Stadium, Uppal",Sunrisers Hyderabad,Kolkata Knight Riders,Kolkata Knight Riders,bat,Sunrisers Hyderabad,0
Feroz Shah Kotla,Chennai Super Kings,Mumbai Indians,Chennai Super Kings,bat,Chennai Super Kings,1
Feroz Shah Kotla,Rajasthan Royals,Sunrisers Hyderabad,Sunrisers Hyderabad,bat,Rajasthan Royals,0
Eden Gardens,Mumbai Indians,Rajasthan Royals,Rajasthan Royals,bat,Mumbai Indians,0
Eden Gardens,Chennai Super Kings,Mumbai Indians,Mumbai Indians,bat,Mumbai Indians,1
Sheikh Zayed Stadium,Mumbai Indians,Kolkata Knight Riders,Kolkata Knight Riders,bat,Kolkata Knight Riders,1
Sharjah Cricket Stadium,Delhi Daredevils,Royal Challengers Bangalore,Royal Challengers Bangalore,field,Royal Challengers Bangalore,1
Sheikh Zayed Stadium,Chennai Super Kings,Kings XI Punjab,Chennai Super Kings,bat,Kings XI Punjab,0
Sheikh Zayed Stadium,Sunrisers Hyderabad,Rajasthan Royals,Rajasthan Royals,field,Rajasthan Royals,1
Dubai International Cricket Stadium,Royal Challengers Bangalore,Mumbai Indians,Royal Challengers Bangalore,field,Royal Challengers Bangalore,1
Dubai International Cricket Stadium,Kolkata Knight Riders,Delhi Daredevils,Kolkata Knight Riders,bat,Delhi Daredevils,0
Sharjah Cricket Stadium,Rajasthan Royals,Kings XI Punjab,Kings XI Punjab,field,Kings XI Punjab,1
Sheikh Zayed Stadium,Chennai Super Kings,Delhi Daredevils,Chennai Super Kings,bat,Chennai Super Kings,1
Sharjah Cricket Stadium,Kings XI Punjab,Sunrisers Hyderabad,Sunrisers Hyderabad,field,Kings XI Punjab,0
Dubai International Cricket Stadium,Rajasthan Royals,Chennai Super Kings,Rajasthan Royals,field,Chennai Super Kings,0
Sharjah Cricket Stadium,Royal Challengers Bangalore,Kolkata Knight Riders,Royal Challengers Bangalore,field,Kolkata Knight Riders,0
Dubai International Cricket Stadium,Sunrisers Hyderabad,Delhi Daredevils,Sunrisers Hyderabad,bat,Sunrisers Hyderabad,1
Dubai International Cricket Stadium,Chennai Super Kings,Mumbai Indians,Mumbai Indians,bat,Chennai Super Kings,0
Sheikh Zayed Stadium,Rajasthan Royals,Royal Challengers Bangalore,Rajasthan Royals,field,Rajasthan Royals,1
Sheikh Zayed Stadium,Kolkata Knight Riders,Kings XI Punjab,Kolkata Knight Riders,field,Kings XI Punjab,0
Sharjah Cricket Stadium,Delhi Daredevils,Mumbai Indians,Mumbai Indians,bat,Delhi Daredevils,0
Sharjah Cricket Stadium,Sunrisers Hyderabad,Chennai Super Kings,Sunrisers Hyderabad,bat,Chennai Super Kings,0
Dubai International Cricket Stadium,Kings XI Punjab,Royal Challengers Bangalore,Kings XI Punjab,field,Kings XI Punjab,1
Sheikh Zayed Stadium,Kolkata Knight Riders,Rajasthan Royals,Rajasthan Royals,bat,Rajasthan Royals,1
Dubai International Cricket Stadium,Mumbai Indians,Sunrisers Hyderabad,Mumbai Indians,field,Sunrisers Hyderabad,0
JSCA International Stadium Complex,Chennai Super Kings,Kolkata Knight Riders,Chennai Super Kings,bat,Chennai Super Kings,1
Wankhede Stadium,Mumbai Indians,Kings XI Punjab,Kings XI Punjab,bat,Mumbai Indians,0
Feroz Shah Kotla,Delhi Daredevils,Rajasthan Royals,Rajasthan Royals,field,Rajasthan Royals,1
M Chinnaswamy Stadium,Royal Challengers Bangalore,Sunrisers Hyderabad,Royal Challengers Bangalore,field,Royal Challengers Bangalore,1
"Sardar Patel Stadium, Motera",Rajasthan Royals,Kolkata Knight Riders,Kolkata Knight Riders,field,Rajasthan Royals,0
Feroz Shah Kotla,Delhi Daredevils,Chennai Super Kings,Chennai Super Kings,field,Chennai Super Kings,1
Wankhede Stadium,Mumbai Indians,Royal Challengers Bangalore,Royal Challengers Bangalore,field,Mumbai Indians,0
Feroz Shah Kotla,Delhi Daredevils,Kolkata Knight Riders,Delhi Daredevils,bat,Kolkata Knight Riders,0
Barabati Stadium,Kings XI Punjab,Chennai Super Kings,Chennai Super Kings,field,Kings XI Punjab,0
"Sardar Patel Stadium, Motera",Rajasthan Royals,Sunrisers Hyderabad,Rajasthan Royals,field,Sunrisers Hyderabad,0
M Chinnaswamy Stadium,Royal Challengers Bangalore,Kings XI Punjab,Royal Challengers Bangalore,field,Kings XI Punjab,0
Feroz Shah Kotla,Delhi Daredevils,Sunrisers Hyderabad,Sunrisers Hyderabad,field,Sunrisers Hyderabad,1
Wankhede Stadium,Mumbai Indians,Chennai Super Kings,Chennai Super Kings,field,Chennai Super Kings,1
Barabati Stadium,Kings XI Punjab,Kolkata Knight Riders,Kolkata Knight Riders,field,Kolkata Knight Riders,1
M Chinnaswamy Stadium,Royal Challengers Bangalore,Rajasthan Royals,Royal Challengers Bangalore,bat,Rajasthan Royals,0
"Rajiv Gandhi International Stadium, Uppal",Sunrisers Hyderabad,Mumbai Indians,Sunrisers Hyderabad,bat,Mumbai Indians,0
JSCA International Stadium Complex,Chennai Super Kings,Rajasthan Royals,Rajasthan Royals,bat,Chennai Super Kings,0
M Chinnaswamy Stadium,Royal Challengers Bangalore,Delhi Daredevils,Delhi Daredevils,field,Royal Challengers Bangalore,0
"Rajiv Gandhi International Stadium, Uppal",Sunrisers Hyderabad,Kings XI Punjab,Kings XI Punjab,field,Kings XI Punjab,1
Barabati Stadium,Kolkata Knight Riders,Mumbai Indians,Kolkata Knight Riders,field,Kolkata Knight Riders,1
"Sardar Patel Stadium, Motera",Rajasthan Royals,Delhi Daredevils,Delhi Daredevils,field,Rajasthan Royals,0
JSCA International Stadium Complex,Chennai Super Kings,Royal Challengers Bangalore,Chennai Super Kings,bat,Royal Challengers Bangalore,0
"Rajiv Gandhi International Stadium, Uppal",Sunrisers Hyderabad,Kolkata Knight Riders,Sunrisers Hyderabad,bat,Kolkata Knight Riders,0
"Sardar Patel Stadium, Motera",Rajasthan Royals,Mumbai Indians,Mumbai Indians,bat,Mumbai Indians,1
Feroz Shah Kotla,Delhi Daredevils,Kings XI Punjab,Kings XI Punjab,field,Kings XI Punjab,1
"Rajiv Gandhi International Stadium, Uppal",Sunrisers Hyderabad,Royal Challengers Bangalore,Royal Challengers Bangalore,bat,Sunrisers Hyderabad,0
Eden Gardens,Kolkata Knight Riders,Chennai Super Kings,Kolkata Knight Riders,field,Kolkata Knight Riders,1
"Punjab Cricket Association Stadium, Mohali",Kings XI Punjab,Mumbai Indians,Mumbai Indians,field,Mumbai Indians,1
Eden Gardens,Kolkata Knight Riders,Royal Challengers Bangalore,Royal Challengers Bangalore,field,Kolkata Knight Riders,0
JSCA International Stadium Complex,Chennai Super Kings,Sunrisers Hyderabad,Sunrisers Hyderabad,field,Sunrisers Hyderabad,1
Wankhede Stadium,Mumbai Indians,Delhi Daredevils,Delhi Daredevils,field,Mumbai Indians,0
"Punjab Cricket Association Stadium, Mohali",Kings XI Punjab,Rajasthan Royals,Rajasthan Royals,field,Kings XI Punjab,0
M Chinnaswamy Stadium,Royal Challengers Bangalore,Chennai Super Kings,Chennai Super Kings,field,Chennai Super Kings,1
Eden Gardens,Kolkata Knight Riders,Sunrisers Hyderabad,Kolkata Knight Riders,field,Kolkata Knight Riders,1
"Punjab Cricket Association Stadium, Mohali",Kings XI Punjab,Delhi Daredevils,Kings XI Punjab,field,Kings XI Punjab,1
Wankhede Stadium,Mumbai Indians,Rajasthan Royals,Mumbai Indians,field,Mumbai Indians,1
Eden Gardens,Kings XI Punjab,Kolkata Knight Riders,Kings XI Punjab,field,Kolkata Knight Riders,0
Brabourne Stadium,Chennai Super Kings,Mumbai Indians,Chennai Super Kings,field,Chennai Super Kings,1
Wankhede Stadium,Chennai Super Kings,Kings XI Punjab,Chennai Super Kings,field,Kings XI Punjab,0
M Chinnaswamy Stadium,Kolkata Knight Riders,Kings XI Punjab,Kolkata Knight Riders,field,Kolkata Knight Riders,1
Eden Gardens,Kolkata Knight Riders,Mumbai Indians,Kolkata Knight Riders,field,Kolkata Knight Riders,1
"MA Chidambaram Stadium, Chepauk",Chennai Super Kings,Delhi Daredevils,Delhi Daredevils,field,Chennai Super Kings,0
Maharashtra Cricket Association Stadium,Kings XI Punjab,Rajasthan Royals,Kings XI Punjab,field,Rajasthan Royals,0
"MA Chidambaram Stadium, Chepauk",Chennai Super Kings,Sunrisers Hyderabad,Chennai Super Kings,bat,Chennai Super Kings,1
Eden Gardens,Kolkata Knight Riders,Royal Challengers Bangalore,Royal Challengers Bangalore,field,Royal Challengers Bangalore,1
Feroz Shah Kotla,Delhi Daredevils,Rajasthan Royals,Rajasthan Royals,field,Rajasthan Royals,1
Wankhede Stadium,Mumbai Indians,Kings XI Punjab,Mumbai Indians,field,Kings XI Punjab,0
M Chinnaswamy Stadium,Royal Challengers Bangalore,Sunrisers Hyderabad,Sunrisers Hyderabad,field,Sunrisers Hyderabad,1
"Sardar Patel Stadium, Motera",Rajasthan Royals,Mumbai Indians,Mumbai Indians,bat,Rajasthan Royals,0
Eden Gardens,Kolkata Knight Riders,Chennai Super Kings,Kolkata Knight Riders,field,Kolkata Knight Riders,1
Maharashtra Cricket Association Stadium,Kings XI Punjab,Delhi Daredevils,Kings XI Punjab,bat,Delhi Daredevils,0
Dr. Y.S. Rajasekhara Reddy ACA-VDCA Cricket Stadium,Sunrisers Hyderabad,Rajasthan Royals,Rajasthan Royals,field,Rajasthan Royals,1
Wankhede Stadium,Mumbai Indians,Chennai Super Kings,Mumbai Indians,bat,Chennai Super Kings,0
Dr. Y.S. Rajasekhara Reddy ACA-VDCA Cricket Stadium,Sunrisers Hyderabad,Delhi Daredevils,Delhi Daredevils,bat,Delhi Daredevils,1
Maharashtra Cricket Association Stadium,Kings XI Punjab,Kolkata Knight Riders,Kolkata Knight Riders,field,Kolkata Knight Riders,1
"Sardar Patel Stadium, Motera",Rajasthan Royals,Chennai Super Kings,Chennai Super Kings,bat,Rajasthan Royals,0
M Chinnaswamy Stadium,Royal Challengers Bangalore,Mumbai Indians,Royal Challengers Bangalore,field,Mumbai Indians,0
Feroz Shah Kotla,Delhi Daredevils,Kolkata Knight Riders,Kolkata Knight Riders,field,Kolkata Knight Riders,1
"Sardar Patel Stadium, Motera",Rajasthan Royals,Kings XI Punjab,Kings XI Punjab,field,Kings XI Punjab,1
Dr. Y.S. Rajasekhara Reddy ACA-VDCA Cricket Stadium,Sunrisers Hyderabad,Kolkata Knight Riders,Kolkata Knight Riders,field,Sunrisers Hyderabad,0
M Chinnaswamy Stadium,Royal Challengers Bangalore,Chennai Super Kings,Royal Challengers Bangalore,field,Chennai Super Kings,0
Feroz Shah Kotla,Delhi Daredevils,Mumbai Indians,Mumbai Indians,field,Delhi Daredevils,0
"Sardar Patel Stadium, Motera",Rajasthan Royals,Royal Challengers Bangalore,Royal Challengers Bangalore,field,Royal Challengers Bangalore,1
Wankhede Stadium,Mumbai Indians,Sunrisers Hyderabad,Mumbai Indians,bat,Mumbai Indians,1
"MA Chidambaram Stadium, Chepauk",Chennai Super Kings,Kings XI Punjab,Chennai Super Kings,bat,Chennai Super Kings,1
Feroz Shah Kotla,Delhi Daredevils,Royal Challengers Bangalore,Royal Challengers Bangalore,field,Royal Challengers Bangalore,1
"Punjab Cricket Association Stadium, Mohali",Kings XI Punjab,Sunrisers Hyderabad,Kings XI Punjab,field,Sunrisers Hyderabad,0
Eden Gardens,Kolkata Knight Riders,Delhi Daredevils,Kolkata Knight Riders,bat,Kolkata Knight Riders,1
M Chinnaswamy Stadium,Royal Challengers Bangalore,Rajasthan Royals,Rajasthan Royals,field,No_winner,0
"MA Chidambaram Stadium, Chepauk",Chennai Super Kings,Kolkata Knight Riders,Kolkata Knight Riders,field,Chennai Super Kings,0
Feroz Shah Kotla,Delhi Daredevils,Kings XI Punjab,Delhi Daredevils,field,Delhi Daredevils,1
Wankhede Stadium,Mumbai Indians,Rajasthan Royals,Rajasthan Royals,field,Mumbai Indians,0
M Chinnaswamy Stadium,Royal Challengers Bangalore,Kolkata Knight Riders,Royal Challengers Bangalore,field,Royal Challengers Bangalore,1
"Rajiv Gandhi International Stadium, Uppal",Sunrisers Hyderabad,Chennai Super Kings,Chennai Super Kings,field,Sunrisers Hyderabad,0
"Punjab Cricket Association Stadium, Mohali",Kings XI Punjab,Mumbai Indians,Mumbai Indians,bat,Mumbai Indians,1
Brabourne Stadium,Rajasthan Royals,Delhi Daredevils,Delhi Daredevils,field,Rajasthan Royals,0
"MA Chidambaram Stadium, Chepauk",Chennai Super Kings,Royal Challengers Bangalore,Chennai Super Kings,bat,Chennai Super Kings,1
Eden Gardens,Kolkata Knight Riders,Sunrisers Hyderabad,Sunrisers Hyderabad,field,Kolkata Knight Riders,0
Wankhede Stadium,Mumbai Indians,Delhi Daredevils,Delhi Daredevils,bat,Mumbai Indians,0
M Chinnaswamy Stadium,Royal Challengers Bangalore,Kings XI Punjab,Kings XI Punjab,field,Royal Challengers Bangalore,0
Brabourne Stadium,Rajasthan Royals,Sunrisers Hyderabad,Rajasthan Royals,field,Sunrisers Hyderabad,0
"MA Chidambaram Stadium, Chepauk",Chennai Super Kings,Mumbai Indians,Chennai Super Kings,bat,Mumbai Indians,0
Eden Gardens,Kolkata Knight Riders,Kings XI Punjab,Kings XI Punjab,bat,Kolkata Knight Riders,0
Shaheed Veer Narayan Singh International Stadium,Delhi Daredevils,Sunrisers Hyderabad,Sunrisers Hyderabad,bat,Sunrisers Hyderabad,1
Wankhede Stadium,Mumbai Indians,Royal Challengers Bangalore,Royal Challengers Bangalore,bat,Royal Challengers Bangalore,1
"MA Chidambaram Stadium, Chepauk",Chennai Super Kings,Rajasthan Royals,Chennai Super Kings,bat,Chennai Super Kings,1
"Rajiv Gandhi International Stadium, Uppal",Sunrisers Hyderabad,Kings XI Punjab,Sunrisers Hyderabad,bat,Sunrisers Hyderabad,1
Shaheed Veer Narayan Singh International Stadium,Delhi Daredevils,Chennai Super Kings,Chennai Super Kings,bat,Delhi Daredevils,0
"Punjab Cricket Association Stadium, Mohali",Kings XI Punjab,Royal Challengers Bangalore,Royal Challengers Bangalore,field,Kings XI Punjab,0
Wankhede Stadium,Mumbai Indians,Kolkata Knight Riders,Kolkata Knight Riders,field,Mumbai Indians,0
"Rajiv Gandhi International Stadium, Uppal",Sunrisers Hyderabad,Royal Challengers Bangalore,Sunrisers Hyderabad,bat,Royal Challengers Bangalore,0
"Punjab Cricket Association Stadium, Mohali",Kings XI Punjab,Chennai Super Kings,Kings XI Punjab,bat,Chennai Super Kings,0
Brabourne Stadium,Rajasthan Royals,Kolkata Knight Riders,Rajasthan Royals,bat,Rajasthan Royals,1
M Chinnaswamy Stadium,Royal Challengers Bangalore,Delhi Daredevils,Royal Challengers Bangalore,field,No_winner,0
"Rajiv Gandhi International Stadium, Uppal",Sunrisers Hyderabad,Mumbai Indians,Sunrisers Hyderabad,bat,Mumbai Indians,0
Wankhede Stadium,Chennai Super Kings,Mumbai Indians,Mumbai Indians,bat,Mumbai Indians,1
Maharashtra Cricket Association Stadium,Royal Challengers Bangalore,Rajasthan Royals,Royal Challengers Bangalore,bat,Royal Challengers Bangalore,1
JSCA International Stadium Complex,Chennai Super Kings,Royal Challengers Bangalore,Chennai Super Kings,field,Chennai Super Kings,1
Eden Gardens,Mumbai Indians,Chennai Super Kings,Chennai Super Kings,field,Mumbai Indians,0
Wankhede Stadium,Mumbai Indians,Pune Warriors,Mumbai Indians,bat,Pune Warriors,0
Eden Gardens,Kolkata Knight Riders,Delhi Daredevils,Kolkata Knight Riders,field,Kolkata Knight Riders,1
"Punjab Cricket Association IS Bindra Stadium, Mohali",Kings XI Punjab,Gujarat Lions,Gujarat Lions,field,Gujarat Lions,1
M Chinnaswamy Stadium,Royal Challengers Bangalore,Sunrisers Hyderabad,Sunrisers Hyderabad,field,Royal Challengers Bangalore,0
Eden Gardens,Kolkata Knight Riders,Mumbai Indians,Mumbai Indians,field,Mumbai Indians,1
Saurashtra Cricket Association Stadium,Gujarat Lions,Pune Warriors,Pune Warriors,bat,Gujarat Lions,0
Feroz Shah Kotla,Delhi Daredevils,Kings XI Punjab,Delhi Daredevils,field,Delhi Daredevils,1
"Rajiv Gandhi International Stadium, Uppal",Sunrisers Hyderabad,Kolkata Knight Riders,Sunrisers Hyderabad,bat,Kolkata Knight Riders,0
Wankhede Stadium,Mumbai Indians,Gujarat Lions,Gujarat Lions,field,Gujarat Lions,1
"Punjab Cricket Association IS Bindra Stadium, Mohali",Kings XI Punjab,Pune Warriors,Pune Warriors,bat,Kings XI Punjab,0
M Chinnaswamy Stadium,Royal Challengers Bangalore,Delhi Daredevils,Delhi Daredevils,field,Delhi Daredevils,1
"Rajiv Gandhi International Stadium, Uppal",Sunrisers Hyderabad,Mumbai Indians,Sunrisers Hyderabad,field,Sunrisers Hyderabad,1
"Punjab Cricket Association IS Bindra Stadium, Mohali",Kings XI Punjab,Kolkata Knight Riders,Kolkata Knight Riders,field,Kolkata Knight Riders,1
Wankhede Stadium,Mumbai Indians,Royal Challengers Bangalore,Mumbai Indians,field,Mumbai Indians,1
Saurashtra Cricket Association Stadium,Gujarat Lions,Sunrisers Hyderabad,Sunrisers Hyderabad,field,Sunrisers Hyderabad,1
Maharashtra Cricket Association Stadium,Pune Warriors,Royal Challengers Bangalore,Pune Warriors,field,Royal Challengers Bangalore,0
Feroz Shah Kotla,Delhi Daredevils,Mumbai Indians,Mumbai Indians,field,Delhi Daredevils,0
"Rajiv Gandhi International Stadium, Uppal",Sunrisers Hyderabad,Kings XI Punjab,Sunrisers Hyderabad,field,Sunrisers Hyderabad,1
Saurashtra Cricket Association Stadium,Gujarat Lions,Royal Challengers Bangalore,Royal Challengers Bangalore,bat,Gujarat Lions,0
Maharashtra Cricket Association Stadium,Pune Warriors,Kolkata Knight Riders,Kolkata Knight Riders,field,Kolkata Knight Riders,1
"Punjab Cricket Association IS Bindra Stadium, Mohali",Kings XI Punjab,Mumbai Indians,Kings XI Punjab,field,Mumbai Indians,0
"Rajiv Gandhi International Stadium, Uppal",Sunrisers Hyderabad,Pune Warriors,Pune Warriors,field,Pune Warriors,1
Feroz Shah Kotla,Delhi Daredevils,Gujarat Lions,Delhi Daredevils,field,Gujarat Lions,0
Wankhede Stadium,Mumbai Indians,Kolkata Knight Riders,Mumbai Indians,field,Mumbai Indians,1
Maharashtra Cricket Association Stadium,Pune Warriors,Gujarat Lions,Gujarat Lions,field,Gujarat Lions,1
Feroz Shah Kotla,Delhi Daredevils,Kolkata Knight Riders,Kolkata Knight Riders,field,Delhi Daredevils,0
"Rajiv Gandhi International Stadium, Uppal",Sunrisers Hyderabad,Royal Challengers Bangalore,Royal Challengers Bangalore,field,Sunrisers Hyderabad,0
Saurashtra Cricket Association Stadium,Gujarat Lions,Kings XI Punjab,Gujarat Lions,field,Kings XI Punjab,0
Maharashtra Cricket Association Stadium,Pune Warriors,Mumbai Indians,Mumbai Indians,field,Mumbai Indians,1
M Chinnaswamy Stadium,Royal Challengers Bangalore,Kolkata Knight Riders,Kolkata Knight Riders,field,Kolkata Knight Riders,1
Saurashtra Cricket Association Stadium,Gujarat Lions,Delhi Daredevils,Delhi Daredevils,field,Delhi Daredevils,1
Eden Gardens,Kolkata Knight Riders,Kings XI Punjab,Kings XI Punjab,field,Kolkata Knight Riders,0
Feroz Shah Kotla,Delhi Daredevils,Pune Warriors,Pune Warriors,field,Pune Warriors,1
"Rajiv Gandhi International Stadium, Uppal",Sunrisers Hyderabad,Gujarat Lions,Sunrisers Hyderabad,field,Sunrisers Hyderabad,1
M Chinnaswamy Stadium,Royal Challengers Bangalore,Pune Warriors,Royal Challengers Bangalore,field,Royal Challengers Bangalore,1
"Punjab Cricket Association IS Bindra Stadium, Mohali",Kings XI Punjab,Delhi Daredevils,Delhi Daredevils,field,Kings XI Punjab,0
Dr. Y.S. Rajasekhara Reddy ACA-VDCA Cricket Stadium,Mumbai Indians,Sunrisers Hyderabad,Mumbai Indians,field,Sunrisers Hyderabad,0
Eden Gardens,Kolkata Knight Riders,Gujarat Lions,Gujarat Lions,field,Gujarat Lions,1
"Punjab Cricket Association IS Bindra Stadium, Mohali",Kings XI Punjab,Royal Challengers Bangalore,Kings XI Punjab,field,Royal Challengers Bangalore,0
Dr. Y.S. Rajasekhara Reddy ACA-VDCA Cricket Stadium,Pune Warriors,Sunrisers Hyderabad,Sunrisers Hyderabad,bat,Sunrisers Hyderabad,1
M Chinnaswamy Stadium,Royal Challengers Bangalore,Mumbai Indians,Mumbai Indians,field,Mumbai Indians,1
"Rajiv Gandhi International Stadium, Uppal",Sunrisers Hyderabad,Delhi Daredevils,Delhi Daredevils,field,Delhi Daredevils,1
Dr. Y.S. Rajasekhara Reddy ACA-VDCA Cricket Stadium,Mumbai Indians,Kings XI Punjab,Mumbai Indians,bat,Kings XI Punjab,0
M Chinnaswamy Stadium,Royal Challengers Bangalore,Gujarat Lions,Gujarat Lions,field,Royal Challengers Bangalore,0
Eden Gardens,Kolkata Knight Riders,Pune Warriors,Pune Warriors,bat,Kolkata Knight Riders,0
"Punjab Cricket Association IS Bindra Stadium, Mohali",Kings XI Punjab,Sunrisers Hyderabad,Kings XI Punjab,bat,Sunrisers Hyderabad,0
Dr. Y.S. Rajasekhara Reddy ACA-VDCA Cricket Stadium,Mumbai Indians,Delhi Daredevils,Delhi Daredevils,field,Mumbai Indians,0
Eden Gardens,Kolkata Knight Riders,Royal Challengers Bangalore,Royal Challengers Bangalore,field,Royal Challengers Bangalore,1
Dr. Y.S. Rajasekhara Reddy ACA-VDCA Cricket Stadium,Pune Warriors,Delhi Daredevils,Pune Warriors,field,Pune Warriors,1
M Chinnaswamy Stadium,Royal Challengers Bangalore,Kings XI Punjab,Kings XI Punjab,field,Royal Challengers Bangalore,0
Green Park,Gujarat Lions,Kolkata Knight Riders,Gujarat Lions,field,Gujarat Lions,1
Shaheed Veer Narayan Singh International Stadium,Delhi Daredevils,Sunrisers Hyderabad,Delhi Daredevils,field,Delhi Daredevils,1
Dr. Y.S. Rajasekhara Reddy ACA-VDCA Cricket Stadium,Pune Warriors,Kings XI Punjab,Kings XI Punjab,bat,Pune Warriors,0
Green Park,Gujarat Lions,Mumbai Indians,Gujarat Lions,field,Gujarat Lions,1
Eden Gardens,Kolkata Knight Riders,Sunrisers Hyderabad,Sunrisers Hyderabad,field,Kolkata Knight Riders,0
Shaheed Veer Narayan Singh International Stadium,Delhi Daredevils,Royal Challengers Bangalore,Royal Challengers Bangalore,field,Royal Challengers Bangalore,1
M Chinnaswamy Stadium,Gujarat Lions,Royal Challengers Bangalore,Royal Challengers Bangalore,field,Royal Challengers Bangalore,1
Feroz Shah Kotla,Sunrisers Hyderabad,Kolkata Knight Riders,Kolkata Knight Riders,field,Sunrisers Hyderabad,0
Feroz Shah Kotla,Gujarat Lions,Sunrisers Hyderabad,Sunrisers Hyderabad,field,Sunrisers Hyderabad,1
M Chinnaswamy Stadium,Royal Challengers Bangalore,Sunrisers Hyderabad,Sunrisers Hyderabad,bat,Sunrisers Hyderabad,1
"Rajiv Gandhi International Stadium, Uppal",Sunrisers Hyderabad,Royal Challengers Bangalore,Royal Challengers Bangalore,field,Sunrisers Hyderabad,0
Maharashtra Cricket Association Stadium,Pune Warriors,Mumbai Indians,Pune Warriors,field,Pune Warriors,1
Saurashtra Cricket Association Stadium,Gujarat Lions,Kolkata Knight Riders,Kolkata Knight Riders,field,Kolkata Knight Riders,1
Holkar Cricket Stadium,Kings XI Punjab,Pune Warriors,Kings XI Punjab,field,Kings XI Punjab,1
M.Chinnaswamy Stadium,Royal Challengers Bangalore,Delhi Daredevils,Royal Challengers Bangalore,bat,Royal Challengers Bangalore,1
"Rajiv Gandhi International Stadium, Uppal",Sunrisers Hyderabad,Gujarat Lions,Sunrisers Hyderabad,field,Sunrisers Hyderabad,1
Wankhede Stadium,Mumbai Indians,Kolkata Knight Riders,Mumbai Indians,field,Mumbai Indians,1
Holkar Cricket Stadium,Kings XI Punjab,Royal Challengers Bangalore,Royal Challengers Bangalore,bat,Kings XI Punjab,0
Maharashtra Cricket Association Stadium,Pune Warriors,Delhi Daredevils,Pune Warriors,field,Delhi Daredevils,0
Wankhede Stadium,Mumbai Indians,Sunrisers Hyderabad,Mumbai Indians,field,Mumbai Indians,1
Eden Gardens,Kolkata Knight Riders,Kings XI Punjab,Kolkata Knight Riders,field,Kolkata Knight Riders,1
M Chinnaswamy Stadium,Royal Challengers Bangalore,Mumbai Indians,Mumbai Indians,field,Mumbai Indians,1
Saurashtra Cricket Association Stadium,Gujarat Lions,Pune Warriors,Gujarat Lions,field,Gujarat Lions,1
Eden Gardens,Kolkata Knight Riders,Sunrisers Hyderabad,Sunrisers Hyderabad,field,Kolkata Knight Riders,0
Feroz Shah Kotla,Delhi Daredevils,Kings XI Punjab,Delhi Daredevils,bat,Delhi Daredevils,1
Wankhede Stadium,Mumbai Indians,Gujarat Lions,Mumbai Indians,field,Mumbai Indians,1
M Chinnaswamy Stadium,Royal Challengers Bangalore,Pune Warriors,Royal Challengers Bangalore,field,Pune Warriors,0
Feroz Shah Kotla,Delhi Daredevils,Kolkata Knight Riders,Delhi Daredevils,bat,Kolkata Knight Riders,0
"Rajiv Gandhi International Stadium, Uppal",Sunrisers Hyderabad,Kings XI Punjab,Kings XI Punjab,field,Sunrisers Hyderabad,0
Saurashtra Cricket Association Stadium,Gujarat Lions,Royal Challengers Bangalore,Gujarat Lions,field,Royal Challengers Bangalore,0
"Rajiv Gandhi International Stadium, Uppal",Sunrisers Hyderabad,Delhi Daredevils,Sunrisers Hyderabad,bat,Sunrisers Hyderabad,1
Holkar Cricket Stadium,Kings XI Punjab,Mumbai Indians,Mumbai Indians,field,Mumbai Indians,1
Eden Gardens,Kolkata Knight Riders,Gujarat Lions,Gujarat Lions,field,Gujarat Lions,1
Wankhede Stadium,Mumbai Indians,Delhi Daredevils,Delhi Daredevils,field,Mumbai Indians,0
Maharashtra Cricket Association Stadium,Pune Warriors,Sunrisers Hyderabad,Pune Warriors,field,Pune Warriors,1
Saurashtra Cricket Association Stadium,Gujarat Lions,Kings XI Punjab,Gujarat Lions,field,Kings XI Punjab,0
Eden Gardens,Kolkata Knight Riders,Royal Challengers Bangalore,Royal Challengers Bangalore,field,Kolkata Knight Riders,0
Wankhede Stadium,Mumbai Indians,Pune Warriors,Mumbai Indians,field,Pune Warriors,0
Maharashtra Cricket Association Stadium,Pune Warriors,Kolkata Knight Riders,Kolkata Knight Riders,field,Kolkata Knight Riders,1
M Chinnaswamy Stadium,Royal Challengers Bangalore,Gujarat Lions,Gujarat Lions,field,Gujarat Lions,1
Eden Gardens,Kolkata Knight Riders,Delhi Daredevils,Kolkata Knight Riders,field,Kolkata Knight Riders,1
"Punjab Cricket Association IS Bindra Stadium, Mohali",Kings XI Punjab,Sunrisers Hyderabad,Kings XI Punjab,field,Sunrisers Hyderabad,0
Maharashtra Cricket Association Stadium,Pune Warriors,Royal Challengers Bangalore,Royal Challengers Bangalore,field,Pune Warriors,0
Saurashtra Cricket Association Stadium,Gujarat Lions,Mumbai Indians,Gujarat Lions,bat,Mumbai Indians,0
"Punjab Cricket Association IS Bindra Stadium, Mohali",Kings XI Punjab,Delhi Daredevils,Kings XI Punjab,field,Kings XI Punjab,1
"Rajiv Gandhi International Stadium, Uppal",Sunrisers Hyderabad,Kolkata Knight Riders,Kolkata Knight Riders,field,Sunrisers Hyderabad,0
Wankhede Stadium,Mumbai Indians,Royal Challengers Bangalore,Royal Challengers Bangalore,bat,Mumbai Indians,0
Maharashtra Cricket Association Stadium,Pune Warriors,Gujarat Lions,Pune Warriors,field,Pune Warriors,1
Feroz Shah Kotla,Delhi Daredevils,Sunrisers Hyderabad,Delhi Daredevils,field,Delhi Daredevils,1
Eden Gardens,Kolkata Knight Riders,Pune Warriors,Pune Warriors,field,Pune Warriors,1
Feroz Shah Kotla,Delhi Daredevils,Gujarat Lions,Delhi Daredevils,field,Delhi Daredevils,1
M Chinnaswamy Stadium,Royal Challengers Bangalore,Kings XI Punjab,Royal Challengers Bangalore,field,Kings XI Punjab,0
"Rajiv Gandhi International Stadium, Uppal",Sunrisers Hyderabad,Pune Warriors,Sunrisers Hyderabad,field,Pune Warriors,0
Feroz Shah Kotla,Delhi Daredevils,Mumbai Indians,Delhi Daredevils,field,Mumbai Indians,0
M Chinnaswamy Stadium,Royal Challengers Bangalore,Kolkata Knight Riders,Kolkata Knight Riders,field,Kolkata Knight Riders,1
"Punjab Cricket Association IS Bindra Stadium, Mohali",Kings XI Punjab,Gujarat Lions,Gujarat Lions,field,Gujarat Lions,1
"Rajiv Gandhi International Stadium, Uppal",Sunrisers Hyderabad,Mumbai Indians,Mumbai Indians,bat,Sunrisers Hyderabad,0
"Punjab Cricket Association IS Bindra Stadium, Mohali",Kings XI Punjab,Kolkata Knight Riders,Kolkata Knight Riders,field,Kings XI Punjab,0
Green Park,Gujarat Lions,Delhi Daredevils,Delhi Daredevils,field,Delhi Daredevils,1
Wankhede Stadium,Mumbai Indians,Kings XI Punjab,Mumbai Indians,field,Kings XI Punjab,0
Feroz Shah Kotla,Delhi Daredevils,Pune Warriors,Delhi Daredevils,bat,Delhi Daredevils,1
Green Park,Gujarat Lions,Sunrisers Hyderabad,Sunrisers Hyderabad,field,Sunrisers Hyderabad,1
Eden Gardens,Kolkata Knight Riders,Mumbai Indians,Kolkata Knight Riders,field,Mumbai Indians,0
Maharashtra Cricket Association Stadium,Pune Warriors,Kings XI Punjab,Pune Warriors,field,Pune Warriors,1
Feroz Shah Kotla,Delhi Daredevils,Royal Challengers Bangalore,Royal Challengers Bangalore,bat,Royal Challengers Bangalore,1
Wankhede Stadium,Mumbai Indians,Pune Warriors,Mumbai Indians,field,Pune Warriors,0
M Chinnaswamy Stadium,Sunrisers Hyderabad,Kolkata Knight Riders,Kolkata Knight Riders,field,Kolkata Knight Riders,1
M Chinnaswamy Stadium,Mumbai Indians,Kolkata Knight Riders,Mumbai Indians,field,Mumbai Indians,1
"Rajiv Gandhi International Stadium, Uppal",Mumbai Indians,Pune Warriors,Mumbai Indians,bat,Mumbai Indians,1
Wankhede Stadium,Mumbai Indians,Chennai Super Kings,Chennai Super Kings,field,Chennai Super Kings,1
"Punjab Cricket Association IS Bindra Stadium, Mohali",Kings XI Punjab,Delhi Daredevils,Kings XI Punjab,field,Kings XI Punjab,1
Eden Gardens,Kolkata Knight Riders,Royal Challengers Bangalore,Kolkata Knight Riders,field,Kolkata Knight Riders,1
"Rajiv Gandhi International Stadium, Uppal",Sunrisers Hyderabad,Rajasthan Royals,Sunrisers Hyderabad,field,Sunrisers Hyderabad,1
"MA Chidambaram Stadium, Chepauk",Chennai Super Kings,Kolkata Knight Riders,Chennai Super Kings,field,Chennai Super Kings,1
Sawai Mansingh Stadium,Rajasthan Royals,Delhi Daredevils,Delhi Daredevils,field,Rajasthan Royals,0
"Rajiv Gandhi International Stadium, Uppal",Sunrisers Hyderabad,Mumbai Indians,Sunrisers Hyderabad,field,Sunrisers Hyderabad,1
M.Chinnaswamy Stadium,Royal Challengers Bangalore,Kings XI Punjab,Royal Challengers Bangalore,field,Royal Challengers Bangalore,1
Wankhede Stadium,Mumbai Indians,Delhi Daredevils,Delhi Daredevils,field,Delhi Daredevils,1
Eden Gardens,Kolkata Knight Riders,Sunrisers Hyderabad,Sunrisers Hyderabad,field,Sunrisers Hyderabad,1
M.Chinnaswamy Stadium,Royal Challengers Bangalore,Rajasthan Royals,Royal Challengers Bangalore,field,Rajasthan Royals,0
"Punjab Cricket Association IS Bindra Stadium, Mohali",Kings XI Punjab,Chennai Super Kings,Chennai Super Kings,field,Kings XI Punjab,0
Eden Gardens,Kolkata Knight Riders,Delhi Daredevils,Delhi Daredevils,field,Kolkata Knight Riders,0
Wankhede Stadium,Mumbai Indians,Royal Challengers Bangalore,Royal Challengers Bangalore,field,Mumbai Indians,0
Sawai Mansingh Stadium,Rajasthan Royals,Kolkata Knight Riders,Kolkata Knight Riders,field,Kolkata Knight Riders,1
"Punjab Cricket Association IS Bindra Stadium, Mohali",Kings XI Punjab,Sunrisers Hyderabad,Kings XI Punjab,bat,Kings XI Punjab,1
Maharashtra Cricket Association Stadium,Chennai Super Kings,Rajasthan Royals,Rajasthan Royals,field,Chennai Super Kings,0
Eden Gardens,Kolkata Knight Riders,Kings XI Punjab,Kings XI Punjab,field,Kings XI Punjab,1
M.Chinnaswamy Stadium,Royal Challengers Bangalore,Delhi Daredevils,Royal Challengers Bangalore,field,Royal Challengers Bangalore,1
"Rajiv Gandhi International Stadium, Uppal",Sunrisers Hyderabad,Chennai Super Kings,Sunrisers Hyderabad,field,Chennai Super Kings,0
Sawai Mansingh Stadium,Rajasthan Royals,Mumbai Indians,Mumbai Indians,bat,Rajasthan Royals,0
Feroz Shah Kotla,Delhi Daredevils,Kings XI Punjab,Delhi Daredevils,field,Kings XI Punjab,0
Wankhede Stadium,Mumbai Indians,Sunrisers Hyderabad,Mumbai Indians,field,Sunrisers Hyderabad,0
M.Chinnaswamy Stadium,Royal Challengers Bangalore,Chennai Super Kings,Chennai Super Kings,field,Chennai Super Kings,1
"Rajiv Gandhi International Stadium, Uppal",Sunrisers Hyderabad,Kings XI Punjab,Kings XI Punjab,field,Sunrisers Hyderabad,0
Feroz Shah Kotla,Delhi Daredevils,Kolkata Knight Riders,Kolkata Knight Riders,field,Delhi Daredevils,0
Maharashtra Cricket Association Stadium,Chennai Super Kings,Mumbai Indians,Mumbai Indians,field,Mumbai Indians,1
Sawai Mansingh Stadium,Rajasthan Royals,Sunrisers Hyderabad,Sunrisers Hyderabad,bat,Sunrisers Hyderabad,1
M.Chinnaswamy Stadium,Royal Challengers Bangalore,Kolkata Knight Riders,Kolkata Knight Riders,field,Kolkata Knight Riders,1
Maharashtra Cricket Association Stadium,Chennai Super Kings,Delhi Daredevils,Delhi Daredevils,field,Chennai Super Kings,0
M.Chinnaswamy Stadium,Royal Challengers Bangalore,Mumbai Indians,Mumbai Indians,field,Royal Challengers Bangalore,0
Feroz Shah Kotla,Delhi Daredevils,Rajasthan Royals,Rajasthan Royals,field,Delhi Daredevils,0
Eden Gardens,Kolkata Knight Riders,Chennai Super Kings,Kolkata Knight Riders,field,Kolkata Knight Riders,1
Holkar Cricket Stadium,Kings XI Punjab,Mumbai Indians,Mumbai Indians,field,Mumbai Indians,1
Maharashtra Cricket Association Stadium,Chennai Super Kings,Royal Challengers Bangalore,Chennai Super Kings,field,Chennai Super Kings,1
"Rajiv Gandhi International Stadium, Uppal",Sunrisers Hyderabad,Delhi Daredevils,Delhi Daredevils,bat,Sunrisers Hyderabad,0
Wankhede Stadium,Mumbai Indians,Kolkata Knight Riders,Kolkata Knight Riders,field,Mumbai Indians,0
Holkar Cricket Stadium,Kings XI Punjab,Rajasthan Royals,Kings XI Punjab,field,Kings XI Punjab,1
"Rajiv Gandhi International Stadium, Uppal",Sunrisers Hyderabad,Royal Challengers Bangalore,Royal Challengers Bangalore,field,Sunrisers Hyderabad,0
Sawai Mansingh Stadium,Rajasthan Royals,Kings XI Punjab,Rajasthan Royals,bat,Rajasthan Royals,1
Eden Gardens,Kolkata Knight Riders,Mumbai Indians,Kolkata Knight Riders,field,Mumbai Indians,0
Feroz Shah Kotla,Delhi Daredevils,Sunrisers Hyderabad,Delhi Daredevils,bat,Sunrisers Hyderabad,0
Sawai Mansingh Stadium,Rajasthan Royals,Chennai Super Kings,Chennai Super Kings,bat,Rajasthan Royals,0
Holkar Cricket Stadium,Kings XI Punjab,Kolkata Knight Riders,Kings XI Punjab,field,Kolkata Knight Riders,0
Feroz Shah Kotla,Delhi Daredevils,Royal Challengers Bangalore,Royal Challengers Bangalore,field,Royal Challengers Bangalore,1
Maharashtra Cricket Association Stadium,Chennai Super Kings,Sunrisers Hyderabad,Chennai Super Kings,field,Chennai Super Kings,1
Wankhede Stadium,Mumbai Indians,Rajasthan Royals,Rajasthan Royals,field,Rajasthan Royals,1
Holkar Cricket Stadium,Kings XI Punjab,Royal Challengers Bangalore,Royal Challengers Bangalore,field,Royal Challengers Bangalore,1
Eden Gardens,Kolkata Knight Riders,Rajasthan Royals,Kolkata Knight Riders,field,Kolkata Knight Riders,1
Wankhede Stadium,Mumbai Indians,Kings XI Punjab,Kings XI Punjab,field,Mumbai Indians,0
M.Chinnaswamy Stadium,Royal Challengers Bangalore,Sunrisers Hyderabad,Sunrisers Hyderabad,field,Royal Challengers Bangalore,0
Feroz Shah Kotla,Delhi Daredevils,Chennai Super Kings,Chennai Super Kings,field,Delhi Daredevils,0
Sawai Mansingh Stadium,Rajasthan Royals,Royal Challengers Bangalore,Rajasthan Royals,bat,Rajasthan Royals,1
"Rajiv Gandhi International Stadium, Uppal",Sunrisers Hyderabad,Kolkata Knight Riders,Sunrisers Hyderabad,bat,Kolkata Knight Riders,0
Feroz Shah Kotla,Delhi Daredevils,Mumbai Indians,Delhi Daredevils,bat,Delhi Daredevils,1
Maharashtra Cricket Association Stadium,Chennai Super Kings,Kings XI Punjab,Chennai Super Kings,field,Chennai Super Kings,1
Wankhede Stadium,Sunrisers Hyderabad,Chennai Super Kings,Chennai Super Kings,field,Chennai Super Kings,1
Eden Gardens,Kolkata Knight Riders,Rajasthan Royals,Rajasthan Royals,field,Kolkata Knight Riders,0
Eden Gardens,Kolkata Knight Riders,Sunrisers Hyderabad,Kolkata Knight Riders,field,Sunrisers Hyderabad,0
Wankhede Stadium,Chennai Super Kings,Sunrisers Hyderabad,Chennai Super Kings,field,Chennai Super Kings,1
"MA Chidambaram Stadium, Chepauk",Chennai Super Kings,Royal Challengers Bangalore,Chennai Super Kings,field,Chennai Super Kings,1
Eden Gardens,Kolkata Knight Riders,Sunrisers Hyderabad,Kolkata Knight Riders,field,Kolkata Knight Riders,1
Wankhede Stadium,Mumbai Indians,Delhi Capitals,Mumbai Indians,field,Delhi Capitals,0
Sawai Mansingh Stadium,Rajasthan Royals,Kings XI Punjab,Rajasthan Royals,field,Kings XI Punjab,0
Feroz Shah Kotla,Delhi Capitals,Chennai Super Kings,Delhi Capitals,bat,Chennai Super Kings,0
Eden Gardens,Kolkata Knight Riders,Kings XI Punjab,Kings XI Punjab,field,Kolkata Knight Riders,0
M.Chinnaswamy Stadium,Royal Challengers Bangalore,Mumbai Indians,Royal Challengers Bangalore,field,Mumbai Indians,0
"Rajiv Gandhi International Stadium, Uppal",Sunrisers Hyderabad,Rajasthan Royals,Rajasthan Royals,bat,Sunrisers Hyderabad,0
"Punjab Cricket Association IS Bindra Stadium, Mohali",Kings XI Punjab,Mumbai Indians,Kings XI Punjab,field,Kings XI Punjab,1
Feroz Shah Kotla,Delhi Capitals,Kolkata Knight Riders,Delhi Capitals,field,Delhi Capitals,1
"Rajiv Gandhi International Stadium, Uppal",Sunrisers Hyderabad,Royal Challengers Bangalore,Royal Challengers Bangalore,field,Sunrisers Hyderabad,0
"MA Chidambaram Stadium, Chepauk",Chennai Super Kings,Rajasthan Royals,Rajasthan Royals,field,Chennai Super Kings,0
"Punjab Cricket Association IS Bindra Stadium, Mohali",Kings XI Punjab,Delhi Capitals,Delhi Capitals,field,Kings XI Punjab,0
Sawai Mansingh Stadium,Rajasthan Royals,Royal Challengers Bangalore,Rajasthan Royals,field,Rajasthan Royals,1
Wankhede Stadium,Mumbai Indians,Chennai Super Kings,Chennai Super Kings,field,Mumbai Indians,0
Feroz Shah Kotla,Delhi Capitals,Sunrisers Hyderabad,Sunrisers Hyderabad,field,Sunrisers Hyderabad,1
M.Chinnaswamy Stadium,Royal Challengers Bangalore,Kolkata Knight Riders,Kolkata Knight Riders,field,Kolkata Knight Riders,1
"MA Chidambaram Stadium, Chepauk",Chennai Super Kings,Kings XI Punjab,Chennai Super Kings,bat,Chennai Super Kings,1
"Rajiv Gandhi International Stadium, Uppal",Sunrisers Hyderabad,Mumbai Indians,Sunrisers Hyderabad,field,Mumbai Indians,0
M.Chinnaswamy Stadium,Royal Challengers Bangalore,Delhi Capitals,Delhi Capitals,field,Delhi Capitals,1
Sawai Mansingh Stadium,Rajasthan Royals,Kolkata Knight Riders,Kolkata Knight Riders,field,Kolkata Knight Riders,1
"Punjab Cricket Association IS Bindra Stadium, Mohali",Kings XI Punjab,Sunrisers Hyderabad,Kings XI Punjab,field,Kings XI Punjab,1
"MA Chidambaram Stadium, Chepauk",Chennai Super Kings,Kolkata Knight Riders,Chennai Super Kings,field,Chennai Super Kings,1
Wankhede Stadium,Mumbai Indians,Kings XI Punjab,Mumbai Indians,field,Mumbai Indians,1
Sawai Mansingh Stadium,Rajasthan Royals,Chennai Super Kings,Chennai Super Kings,field,Chennai Super Kings,1
Eden Gardens,Kolkata Knight Riders,Delhi Capitals,Delhi Capitals,field,Delhi Capitals,1
Wankhede Stadium,Mumbai Indians,Rajasthan Royals,Rajasthan Royals,field,Rajasthan Royals,1
"Punjab Cricket Association IS Bindra Stadium, Mohali",Kings XI Punjab,Royal Challengers Bangalore,Royal Challengers Bangalore,field,Royal Challengers Bangalore,1
Eden Gardens,Kolkata Knight Riders,Chennai Super Kings,Chennai Super Kings,field,Chennai Super Kings,1
"Rajiv Gandhi International Stadium, Uppal",Sunrisers Hyderabad,Delhi Capitals,Sunrisers Hyderabad,field,Delhi Capitals,0
Wankhede Stadium,Mumbai Indians,Royal Challengers Bangalore,Mumbai Indians,field,Mumbai Indians,1
"Punjab Cricket Association IS Bindra Stadium, Mohali",Kings XI Punjab,Rajasthan Royals,Rajasthan Royals,field,Kings XI Punjab,0
"Rajiv Gandhi International Stadium, Uppal",Sunrisers Hyderabad,Chennai Super Kings,Chennai Super Kings,bat,Sunrisers Hyderabad,0
Feroz Shah Kotla,Delhi Capitals,Mumbai Indians,Mumbai Indians,bat,Mumbai Indians,1
Eden Gardens,Kolkata Knight Riders,Royal Challengers Bangalore,Kolkata Knight Riders,field,Royal Challengers Bangalore,0
Sawai Mansingh Stadium,Rajasthan Royals,Mumbai Indians,Rajasthan Royals,field,Rajasthan Royals,1
Feroz Shah Kotla,Delhi Capitals,Kings XI Punjab,Delhi Capitals,field,Delhi Capitals,1
"Rajiv Gandhi International Stadium, Uppal",Sunrisers Hyderabad,Kolkata Knight Riders,Sunrisers Hyderabad,field,Sunrisers Hyderabad,1
M.Chinnaswamy Stadium,Royal Challengers Bangalore,Chennai Super Kings,Chennai Super Kings,field,Royal Challengers Bangalore,0
Sawai Mansingh Stadium,Rajasthan Royals,Delhi Capitals,Delhi Capitals,field,Delhi Capitals,1
"MA Chidambaram Stadium, Chepauk",Chennai Super Kings,Sunrisers Hyderabad,Chennai Super Kings,field,Chennai Super Kings,1
M.Chinnaswamy Stadium,Royal Challengers Bangalore,Kings XI Punjab,Kings XI Punjab,field,Royal Challengers Bangalore,0
Eden Gardens,Kolkata Knight Riders,Rajasthan Royals,Rajasthan Royals,field,Rajasthan Royals,1
"MA Chidambaram Stadium, Chepauk",Chennai Super Kings,Mumbai Indians,Chennai Super Kings,field,Mumbai Indians,0
Sawai Mansingh Stadium,Rajasthan Royals,Sunrisers Hyderabad,Rajasthan Royals,field,Rajasthan Royals,1
Feroz Shah Kotla,Delhi Capitals,Royal Challengers Bangalore,Delhi Capitals,bat,Delhi Capitals,1
Eden Gardens,Kolkata Knight Riders,Mumbai Indians,Mumbai Indians,field,Kolkata Knight Riders,0
"Rajiv Gandhi International Stadium, Uppal",Sunrisers Hyderabad,Kings XI Punjab,Kings XI Punjab,field,Sunrisers Hyderabad,0
M.Chinnaswamy Stadium,Royal Challengers Bangalore,Rajasthan Royals,Rajasthan Royals,field,No_winner,0
"MA Chidambaram Stadium, Chepauk",Chennai Super Kings,Delhi Capitals,Delhi Capitals,field,Chennai Super Kings,0
Wankhede Stadium,Mumbai Indians,Sunrisers Hyderabad,Mumbai Indians,bat,Mumbai Indians,1
"Punjab Cricket Association IS Bindra Stadium, Mohali",Kings XI Punjab,Kolkata Knight Riders,Kolkata Knight Riders,field,Kolkata Knight Riders,1
Feroz Shah Kotla,Delhi Capitals,Rajasthan Royals,Rajasthan Royals,bat,Delhi Capitals,0
M.Chinnaswamy Stadium,Royal Challengers Bangalore,Sunrisers Hyderabad,Royal Challengers Bangalore,field,Royal Challengers Bangalore,1
"Punjab Cricket Association IS Bindra Stadium, Mohali",Kings XI Punjab,Chennai Super Kings,Kings XI Punjab,field,Kings XI Punjab,1
Wankhede Stadium,Mumbai Indians,Kolkata Knight Riders,Mumbai Indians,field,Mumbai Indians,1
"MA Chidambaram Stadium, Chepauk",Mumbai Indians,Chennai Super Kings,Chennai Super Kings,bat,Mumbai Indians,0
Dr. Y.S. Rajasekhara Reddy ACA-VDCA Cricket Stadium,Delhi Capitals,Sunrisers Hyderabad,Delhi Capitals,field,Delhi Capitals,1
Dr. Y.S. Rajasekhara Reddy ACA-VDCA Cricket Stadium,Chennai Super Kings,Delhi Capitals,Chennai Super Kings,field,Chennai Super Kings,1
"Rajiv Gandhi International Stadium, Uppal",Mumbai Indians,Chennai Super Kings,Mumbai Indians,bat,Mumbai Indians,1
Sheikh Zayed Stadium,Mumbai Indians,Chennai Super Kings,Chennai Super Kings,field,Chennai Super Kings,1
Dubai International Cricket Stadium,Delhi Capitals,Kings XI Punjab,Kings XI Punjab,field,Delhi Capitals,0
Sheikh Zayed Stadium,Kolkata Knight Riders,Royal Challengers Bangalore,Kolkata Knight Riders,bat,Royal Challengers Bangalore,0
Sharjah Cricket Stadium,Mumbai Indians,Sunrisers Hyderabad,Sunrisers Hyderabad,field,Sunrisers Hyderabad,1
Sharjah Cricket Stadium,Rajasthan Royals,Chennai Super Kings,Chennai Super Kings,field,Rajasthan Royals,0
Sheikh Zayed Stadium,Kolkata Knight Riders,Delhi Capitals,Delhi Capitals,field,Kolkata Knight Riders,0
Dubai International Cricket Stadium,Kings XI Punjab,Sunrisers Hyderabad,Sunrisers Hyderabad,field,Kings XI Punjab,0
Sheikh Zayed Stadium,Royal Challengers Bangalore,Mumbai Indians,Mumbai Indians,field,Mumbai Indians,1
Sharjah Cricket Stadium,Delhi Capitals,Rajasthan Royals,Rajasthan Royals,field,Delhi Capitals,0
Sheikh Zayed Stadium,Kolkata Knight Riders,Chennai Super Kings,Kolkata Knight Riders,bat,Kolkata Knight Riders,1
Sharjah Cricket Stadium,Royal Challengers Bangalore,Sunrisers Hyderabad,Sunrisers Hyderabad,field,Sunrisers Hyderabad,1
Sheikh Zayed Stadium,Mumbai Indians,Kings XI Punjab,Kings XI Punjab,field,Mumbai Indians,0
Dubai International Cricket Stadium,Kolkata Knight Riders,Rajasthan Royals,Rajasthan Royals,field,Kolkata Knight Riders,0
Sheikh Zayed Stadium,Royal Challengers Bangalore,Delhi Capitals,Delhi Capitals,field,Delhi Capitals,1
Sheikh Zayed Stadium,Kings XI Punjab,Chennai Super Kings,Chennai Super Kings,field,Chennai Super Kings,1
Dubai International Cricket Stadium,Sunrisers Hyderabad,Rajasthan Royals,Sunrisers Hyderabad,bat,Rajasthan Royals,0
Sheikh Zayed Stadium,Mumbai Indians,Kolkata Knight Riders,Kolkata Knight Riders,field,Mumbai Indians,0
Sharjah Cricket Stadium,Chennai Super Kings,Delhi Capitals,Chennai Super Kings,bat,Delhi Capitals,0
Dubai International Cricket Stadium,Kings XI Punjab,Royal Challengers Bangalore,Royal Challengers Bangalore,field,Kings XI Punjab,0
Sheikh Zayed Stadium,Mumbai Indians,Rajasthan Royals,Mumbai Indians,bat,Mumbai Indians,1
Sheikh Zayed Stadium,Kolkata Knight Riders,Sunrisers Hyderabad,Sunrisers Hyderabad,field,Kolkata Knight Riders,0
Dubai International Cricket Stadium,Kings XI Punjab,Chennai Super Kings,Kings XI Punjab,bat,Chennai Super Kings,0
Sheikh Zayed Stadium,Rajasthan Royals,Royal Challengers Bangalore,Rajasthan Royals,bat,Royal Challengers Bangalore,0
Sharjah Cricket Stadium,Delhi Capitals,Kolkata Knight Riders,Kolkata Knight Riders,field,Delhi Capitals,0
Dubai International Cricket Stadium,Sunrisers Hyderabad,Chennai Super Kings,Sunrisers Hyderabad,bat,Sunrisers Hyderabad,1
Dubai International Cricket Stadium,Mumbai Indians,Kings XI Punjab,Mumbai Indians,bat,Kings XI Punjab,0
Dubai International Cricket Stadium,Rajasthan Royals,Sunrisers Hyderabad,Sunrisers Hyderabad,field,Sunrisers Hyderabad,1
Dubai International Cricket Stadium,Delhi Capitals,Royal Challengers Bangalore,Royal Challengers Bangalore,field,Delhi Capitals,0
Sharjah Cricket Stadium,Kolkata Knight Riders,Kings XI Punjab,Kings XI Punjab,field,Kings XI Punjab,1
Sharjah Cricket Stadium,Chennai Super Kings,Mumbai Indians,Mumbai Indians,field,Mumbai Indians,1
Dubai International Cricket Stadium,Rajasthan Royals,Royal Challengers Bangalore,Rajasthan Royals,bat,Royal Challengers Bangalore,0
Sheikh Zayed Stadium,Kolkata Knight Riders,Kings XI Punjab,Kolkata Knight Riders,bat,Kolkata Knight Riders,1
Dubai International Cricket Stadium,Sunrisers Hyderabad,Delhi Capitals,Delhi Capitals,field,Sunrisers Hyderabad,0
Dubai International Cricket Stadium,Royal Challengers Bangalore,Chennai Super Kings,Royal Challengers Bangalore,bat,Royal Challengers Bangalore,1
Sheikh Zayed Stadium,Kolkata Knight Riders,Mumbai Indians,Kolkata Knight Riders,bat,Mumbai Indians,0
Sharjah Cricket Stadium,Kings XI Punjab,Rajasthan Royals,Rajasthan Royals,field,Rajasthan Royals,1
Dubai International Cricket Stadium,Chennai Super Kings,Sunrisers Hyderabad,Chennai Super Kings,bat,Chennai Super Kings,1
Sheikh Zayed Stadium,Delhi Capitals,Mumbai Indians,Delhi Capitals,bat,Mumbai Indians,0
Dubai International Cricket Stadium,Kolkata Knight Riders,Rajasthan Royals,Rajasthan Royals,field,Kolkata Knight Riders,0
Sharjah Cricket Stadium,Royal Challengers Bangalore,Kings XI Punjab,Royal Challengers Bangalore,bat,Kings XI Punjab,0
Sheikh Zayed Stadium,Sunrisers Hyderabad,Delhi Capitals,Delhi Capitals,field,Sunrisers Hyderabad,0
Sheikh Zayed Stadium,Chennai Super Kings,Rajasthan Royals,Chennai Super Kings,bat,Rajasthan Royals,0
Dubai International Cricket Stadium,Royal Challengers Bangalore,Sunrisers Hyderabad,Sunrisers Hyderabad,field,Royal Challengers Bangalore,0
Dubai International Cricket Stadium,Delhi Capitals,Mumbai Indians,Mumbai Indians,field,Mumbai Indians,1
Dubai International Cricket Stadium,Kolkata Knight Riders,Chennai Super Kings,Chennai Super Kings,field,Chennai Super Kings,1
Sheikh Zayed Stadium,Kings XI Punjab,Rajasthan Royals,Rajasthan Royals,field,Rajasthan Royals,1
Sharjah Cricket Stadium,Mumbai Indians,Sunrisers Hyderabad,Mumbai Indians,bat,Mumbai Indians,1
Dubai International Cricket Stadium,Delhi Capitals,Chennai Super Kings,Chennai Super Kings,field,Delhi Capitals,0
Sharjah Cricket Stadium,Royal Challengers Bangalore,Kolkata Knight Riders,Royal Challengers Bangalore,bat,Royal Challengers Bangalore,1
Sheikh Zayed Stadium,Mumbai Indians,Rajasthan Royals,Mumbai Indians,bat,Rajasthan Royals,0
Dubai International Cricket Stadium,Sunrisers Hyderabad,Kings XI Punjab,Sunrisers Hyderabad,bat,Sunrisers Hyderabad,1
Dubai International Cricket Stadium,Delhi Capitals,Rajasthan Royals,Delhi Capitals,bat,Delhi Capitals,1
Dubai International Cricket Stadium,Royal Challengers Bangalore,Chennai Super Kings,Royal Challengers Bangalore,bat,Chennai Super Kings,0
Sheikh Zayed Stadium,Sunrisers Hyderabad,Kolkata Knight Riders,Sunrisers Hyderabad,bat,Kolkata Knight Riders,0
Dubai International Cricket Stadium,Delhi Capitals,Kings XI Punjab,Delhi Capitals,bat,Kings XI Punjab,0
Dubai International Cricket Stadium,Royal Challengers Bangalore,Mumbai Indians,Mumbai Indians,field,Royal Challengers Bangalore,0
Dubai International Cricket Stadium,Mumbai Indians,Delhi Capitals,Delhi Capitals,field,Mumbai Indians,0
Sheikh Zayed Stadium,Royal Challengers Bangalore,Sunrisers Hyderabad,Sunrisers Hyderabad,field,Sunrisers Hyderabad,1
Sheikh Zayed Stadium,Delhi Capitals,Sunrisers Hyderabad,Delhi Capitals,bat,Delhi Capitals,1
Dubai International Cricket Stadium,Delhi Capitals,Mumbai Indians,Delhi Capitals,bat,Mumbai Indians,0
